component_type	ecosystem	name	version_or_digest	source
build-input	container-build	.devcontainer/Dockerfile	sha256:d8a33d9e8b4b5a5819462f1ac38769fec263b0ae6e5a816254943dee08e048a8	.devcontainer/Dockerfile
build-input	container-build	backend/Dockerfile	sha256:a5482d68e8230472bce0f8c4699fc9074e39b6b649eefb90a884037e1d3c393b	backend/Dockerfile
build-input	container-build	backend/Dockerfile.model_server	sha256:ba4dafb7dcb1da4493ce9fd8b192879f874de9b664e1fba35d26383815c86864	backend/Dockerfile.model_server
build-input	container-build	backend/onyx/server/features/build/sandbox/image/Dockerfile	sha256:d0b9a6b2dced13ec730580d7a31872ece4e900efb397b48d6e71b3027f4b5fb4	backend/onyx/server/features/build/sandbox/image/Dockerfile
build-input	python-requirements	backend/onyx/server/features/build/sandbox/image/initial-requirements.txt	sha256:fdd34ee45d955e2b6259f82396a1b09ed0ce1bc1a51ab2627e9b72dc365a3e69	backend/onyx/server/features/build/sandbox/image/initial-requirements.txt
build-input	bun-lock	backend/onyx/server/features/build/sandbox/image/templates/outputs/web/bun.lock	sha256:37989fe56e4031acd8b14e447eb999407187fcad107444ff73af0dd35d764383	backend/onyx/server/features/build/sandbox/image/templates/outputs/web/bun.lock
build-input	javascript-manifest	backend/onyx/server/features/build/sandbox/image/templates/outputs/web/package.json	sha256:0e820e77b01087c34cefa92ba1faba4c4b712e0b13841ac691f4276ba7fa73ba	backend/onyx/server/features/build/sandbox/image/templates/outputs/web/package.json
build-input	python-requirements	backend/requirements/combined.txt	sha256:9a70d3494d2af51d725ac3df10fe8085e98b4aa1b3c3508036383b271e20e243	backend/requirements/combined.txt
build-input	python-requirements	backend/requirements/default.txt	sha256:00710ee422f688bb49ad9c1ea81779430eb7aca96e18f2cb1c4c99e533afc21b	backend/requirements/default.txt
build-input	python-requirements	backend/requirements/dev.txt	sha256:1df83ba2617aca22ef15f26b1a8a17d92d1bfea060aff8ebc1523d3ecfe6a996	backend/requirements/dev.txt
build-input	python-requirements	backend/requirements/ee.txt	sha256:57d4b1f149a4b398659dcb5fcf0492253a0c5e2784ddad7e4c5c24e968012967	backend/requirements/ee.txt
build-input	python-requirements	backend/requirements/model_server.txt	sha256:a72f1f52cc4ae2fed4a0826d64cfdee71fa70e2494fccdd0ea0f873bef64f46f	backend/requirements/model_server.txt
build-input	configuration	backend/tests/integration/mock_services/docker-compose.mock-it-services.yml	sha256:44b6ca633774dab1800c1f09f209921e88ceaf98f7269c739349f8af422a1f2a	backend/tests/integration/mock_services/docker-compose.mock-it-services.yml
build-input	container-build	backend/tests/integration/mock_services/mock_connector_server/Dockerfile	sha256:1328e0fa422979d9f2116ef1a15896f97a9ef71f83976b133cc2cb6b5408ccb4	backend/tests/integration/mock_services/mock_connector_server/Dockerfile
build-input	bun-lock	bun.lock	sha256:2a906f622f785db15bd2a92b352b5f987e2cceec69fea923357eb4db4a2f7ca3	bun.lock
build-input	container-build	cli/Dockerfile	sha256:2a428f094fa16d5dc30d789dd85d8f9a1a48daaf973de2f576cfe3535cfe4660	cli/Dockerfile
build-input	go-manifest	cli/go.mod	sha256:3b37870b557d739104f647ee06df9b4297489497cb59c4d9f5aac350e991696d	cli/go.mod
build-input	go-lock	cli/go.sum	sha256:1a2958eb1332f793e4474e5222e87343e7cb52346b1ec15204f78b9969cb4231	cli/go.sum
build-input	configuration	cli/internal/deploy/deployfiles/embedded/docker_compose/docker-compose.craft.yml	sha256:3e56ae6e873db488b4d87fffee345d354634026750998610f1644f3d3a5891b8	cli/internal/deploy/deployfiles/embedded/docker_compose/docker-compose.craft.yml
build-input	configuration	cli/internal/deploy/deployfiles/embedded/docker_compose/docker-compose.dev.yml	sha256:a14b588fcba6d371bf301383c590190c0aebdddae7843f4946fc52c569f2300f	cli/internal/deploy/deployfiles/embedded/docker_compose/docker-compose.dev.yml
build-input	configuration	cli/internal/deploy/deployfiles/embedded/docker_compose/docker-compose.onyx-lite.yml	sha256:c41c2c2bb2ba72ef2d08b0fc79052124d0619484725ede9d1e5b339afccc99c3	cli/internal/deploy/deployfiles/embedded/docker_compose/docker-compose.onyx-lite.yml
build-input	configuration	cli/internal/deploy/deployfiles/embedded/docker_compose/docker-compose.prod.yml	sha256:601f4595ae301eedfefffadac91f6a0ffd82b198badf49d465a5c48f42941c8a	cli/internal/deploy/deployfiles/embedded/docker_compose/docker-compose.prod.yml
build-input	configuration	cli/internal/deploy/deployfiles/embedded/docker_compose/docker-compose.yml	sha256:4b664528fdd5471571d2eddd81a1924cb7c0ed67ae142b7a5615645db88c4678	cli/internal/deploy/deployfiles/embedded/docker_compose/docker-compose.yml
build-input	python-manifest	cli/pyproject.toml	sha256:50bb5f17e5a4272ef1522a49dbc244a1463c02ff0a59041b6384471cb477b38f	cli/pyproject.toml
build-input	configuration	deployment/docker_compose/docker-compose.airgap-test.yml	sha256:2eaf4782507026f1e2ec6b8caf26af1ba761d6453157d20f5a4838f2b46511cc	deployment/docker_compose/docker-compose.airgap-test.yml
build-input	configuration	deployment/docker_compose/docker-compose.airgap-tls-test.yml	sha256:2c7523d9fe5832ac6908b1bbb77e771c2a2d661a819fd6c59ec5c04db4309b57	deployment/docker_compose/docker-compose.airgap-tls-test.yml
build-input	configuration	deployment/docker_compose/docker-compose.craft.yml	sha256:3e56ae6e873db488b4d87fffee345d354634026750998610f1644f3d3a5891b8	deployment/docker_compose/docker-compose.craft.yml
build-input	configuration	deployment/docker_compose/docker-compose.dev.yml	sha256:a14b588fcba6d371bf301383c590190c0aebdddae7843f4946fc52c569f2300f	deployment/docker_compose/docker-compose.dev.yml
build-input	configuration	deployment/docker_compose/docker-compose.mcp-api-key-test.yml	sha256:ae7178a5b661f543fc6ea7430c26caff87b0afa7d3b4a649db63fc848efcec3c	deployment/docker_compose/docker-compose.mcp-api-key-test.yml
build-input	configuration	deployment/docker_compose/docker-compose.mcp-oauth-test.yml	sha256:54014cb2446b741102f03d03f1c31387a60972d4c5f62207393f855feb200cb9	deployment/docker_compose/docker-compose.mcp-oauth-test.yml
build-input	configuration	deployment/docker_compose/docker-compose.mcp-per-user-key-test.yml	sha256:e28610b19def9acb680ccaaf6d2a7d6e9494bcaff340342848b90721098defbd	deployment/docker_compose/docker-compose.mcp-per-user-key-test.yml
build-input	configuration	deployment/docker_compose/docker-compose.multitenant.yml	sha256:4d7d9f853fcbcc49cd46942baf42246d11c842577e7068dc9979b719e1998ef6	deployment/docker_compose/docker-compose.multitenant.yml
build-input	configuration	deployment/docker_compose/docker-compose.onyx-lite.yml	sha256:c41c2c2bb2ba72ef2d08b0fc79052124d0619484725ede9d1e5b339afccc99c3	deployment/docker_compose/docker-compose.onyx-lite.yml
build-input	configuration	deployment/docker_compose/docker-compose.prod-no-letsencrypt.yml	sha256:4bb9d99d92c0340e222ee28968da826748525eadfaa10d158de15b69455894ab	deployment/docker_compose/docker-compose.prod-no-letsencrypt.yml
build-input	configuration	deployment/docker_compose/docker-compose.prod.yml	sha256:601f4595ae301eedfefffadac91f6a0ffd82b198badf49d465a5c48f42941c8a	deployment/docker_compose/docker-compose.prod.yml
build-input	configuration	deployment/docker_compose/docker-compose.resources.yml	sha256:7c4b5591afd130f9f029fffecb4950f09e98eca4b90bb7aa01d872b3d0beef7a	deployment/docker_compose/docker-compose.resources.yml
build-input	configuration	deployment/docker_compose/docker-compose.search-testing.yml	sha256:019e5bd98dced7cc9d9057c1969c65a0b9f6a34446b3abb92b4cdc7aee9d1d80	deployment/docker_compose/docker-compose.search-testing.yml
build-input	configuration	deployment/docker_compose/docker-compose.template.yml	sha256:cf8e8e05509d7f096ef9fb089cd95ac614b8aca2c539b6563d1b35385cb226b5	deployment/docker_compose/docker-compose.template.yml
build-input	configuration	deployment/docker_compose/docker-compose.yml	sha256:4b664528fdd5471571d2eddd81a1924cb7c0ed67ae142b7a5615645db88c4678	deployment/docker_compose/docker-compose.yml
build-input	configuration	deployment/helm/charts/onyx-cnpg-crds/Chart.yaml	sha256:71523e529f51d64eae4847b74ebc338e1a4d9f15e7b43f9e3f72ec77ac33b353	deployment/helm/charts/onyx-cnpg-crds/Chart.yaml
build-input	configuration	deployment/helm/charts/onyx-cnpg-crds/crds/cnpg-crds.yaml	sha256:74af51de4a70eb6867e20384f72ae051b6e8e4fdf0f9153f8679d59e077d8816	deployment/helm/charts/onyx-cnpg-crds/crds/cnpg-crds.yaml
build-input	configuration	deployment/helm/charts/onyx-cnpg-crds/values.yaml	sha256:aaf6acc63186c0cfd62f8a8a9ec13b8a7bada43798b68042ef64788a23c6c5be	deployment/helm/charts/onyx-cnpg-crds/values.yaml
build-input	configuration	deployment/helm/charts/onyx/Chart.yaml	sha256:cf6de3df5817610b4f8b68096fe58ac01815397d45ed440caa79267bafbb620f	deployment/helm/charts/onyx/Chart.yaml
build-input	configuration	deployment/helm/charts/onyx/ci/ct-values.yaml	sha256:62023d8ae9b8231356a09e38c5dc63b36dcbb8df1b03c441a29c368ea6830712	deployment/helm/charts/onyx/ci/ct-values.yaml
build-input	configuration	deployment/helm/charts/onyx/templates/api-deployment.yaml	sha256:148f15dce28c20472e82fa715cd964f7e72ba29a541529d81031cb1f6b04b1ed	deployment/helm/charts/onyx/templates/api-deployment.yaml
build-input	configuration	deployment/helm/charts/onyx/templates/api-hpa.yaml	sha256:f8c347b2d41189ec758ffb7785c00adffd1861bdae1526558e0a68ca0b6bf9de	deployment/helm/charts/onyx/templates/api-hpa.yaml
build-input	configuration	deployment/helm/charts/onyx/templates/api-scaledobject.yaml	sha256:e18d5147f94ddeac5d4781738970f986c92d436d4d46a255192cd91ea848d0da	deployment/helm/charts/onyx/templates/api-scaledobject.yaml
build-input	configuration	deployment/helm/charts/onyx/templates/api-service.yaml	sha256:384fb94cb2e858673f88dcd6304366665b22ea4ca07a9181f3d0ffa56d378846	deployment/helm/charts/onyx/templates/api-service.yaml
build-input	configuration	deployment/helm/charts/onyx/templates/api-servicemonitor.yaml	sha256:f1eb73803c5a3089d64b26656c88264ec0019d9adcf7d6cfc903d958750624dc	deployment/helm/charts/onyx/templates/api-servicemonitor.yaml
build-input	configuration	deployment/helm/charts/onyx/templates/auth-secrets.yaml	sha256:84578c8a80f194d1f953956e5f64d3f14610a74a492a9d08fd4e5fdfe84def01	deployment/helm/charts/onyx/templates/auth-secrets.yaml
build-input	configuration	deployment/helm/charts/onyx/templates/celery-beat.yaml	sha256:6f0cd209ba6e2bfdad4e0466e9e6d49ad1259e469ae6aefa5626ac98a2bdf575	deployment/helm/charts/onyx/templates/celery-beat.yaml
build-input	configuration	deployment/helm/charts/onyx/templates/celery-worker-docfetching-hpa.yaml	sha256:2de4a170effc9dc9dabd2be3212668c72b760fd3b938f03e43a1702c502d7169	deployment/helm/charts/onyx/templates/celery-worker-docfetching-hpa.yaml
build-input	configuration	deployment/helm/charts/onyx/templates/celery-worker-docfetching-metrics-service.yaml	sha256:36a593107e32564aebea0e2c0f4ed054f8d49d83653808cf4a6f569c069a3bdb	deployment/helm/charts/onyx/templates/celery-worker-docfetching-metrics-service.yaml
build-input	configuration	deployment/helm/charts/onyx/templates/celery-worker-docfetching-scaledobject.yaml	sha256:41b7cc2a1da04b8d8d1da60dcb2d7cc53b39e2215605e35d6bcc628a7b764a01	deployment/helm/charts/onyx/templates/celery-worker-docfetching-scaledobject.yaml
build-input	configuration	deployment/helm/charts/onyx/templates/celery-worker-docfetching.yaml	sha256:4779839e717f9af45b3a6fac0feb512d63b773587863c919b846383a53dbe2b1	deployment/helm/charts/onyx/templates/celery-worker-docfetching.yaml
build-input	configuration	deployment/helm/charts/onyx/templates/celery-worker-docprocessing-hpa.yaml	sha256:b376f81f6b61ff8ea7bfb5bbd46bac7622a0818f17c672981ea1644aca844fc5	deployment/helm/charts/onyx/templates/celery-worker-docprocessing-hpa.yaml
build-input	configuration	deployment/helm/charts/onyx/templates/celery-worker-docprocessing-metrics-service.yaml	sha256:4e359d073b0f925a891d0029324bd2f7108de4c3fcd9c59a24222d76eefb9366	deployment/helm/charts/onyx/templates/celery-worker-docprocessing-metrics-service.yaml
build-input	configuration	deployment/helm/charts/onyx/templates/celery-worker-docprocessing-scaledobject.yaml	sha256:53319e95f0086083bdcd1b40a56d4e6eaff8d03c8eda82e0d21e70793fbd856b	deployment/helm/charts/onyx/templates/celery-worker-docprocessing-scaledobject.yaml
build-input	configuration	deployment/helm/charts/onyx/templates/celery-worker-docprocessing.yaml	sha256:f2afeb9cf61f2f43f00457b985d2542494b85ba47ca79d58291bed84ded7b8d2	deployment/helm/charts/onyx/templates/celery-worker-docprocessing.yaml
build-input	configuration	deployment/helm/charts/onyx/templates/celery-worker-heavy-hpa.yaml	sha256:3f577d72e228f453c0f9fa10d4a18b620b24fa403a09842fcbf8ffe436b9c076	deployment/helm/charts/onyx/templates/celery-worker-heavy-hpa.yaml
build-input	configuration	deployment/helm/charts/onyx/templates/celery-worker-heavy-metrics-service.yaml	sha256:5c6cac56887f1b2eccbb58e05fc10909ccfee5a5f78f01f7285660c05fe58538	deployment/helm/charts/onyx/templates/celery-worker-heavy-metrics-service.yaml
build-input	configuration	deployment/helm/charts/onyx/templates/celery-worker-heavy-scaledobject.yaml	sha256:e959032c871b39e4fa3f6218c7cd9781dad21e4a0c1e57cd72f2f7b4639411b4	deployment/helm/charts/onyx/templates/celery-worker-heavy-scaledobject.yaml
build-input	configuration	deployment/helm/charts/onyx/templates/celery-worker-heavy.yaml	sha256:c530ea4cf0b5e004dbb707c47ad1ad5dc6b29b8a7fdd1b490f79d04c538b5b37	deployment/helm/charts/onyx/templates/celery-worker-heavy.yaml
build-input	configuration	deployment/helm/charts/onyx/templates/celery-worker-light-hpa.yaml	sha256:5f08f552f272ca2159d030856fd706ca0fb893dbbb0c13d738040e75338712de	deployment/helm/charts/onyx/templates/celery-worker-light-hpa.yaml
build-input	configuration	deployment/helm/charts/onyx/templates/celery-worker-light-metrics-service.yaml	sha256:385a8837c817afe55e63ebc65ff1f1f150460cad01797d9ca5e6725e7f4c3ccb	deployment/helm/charts/onyx/templates/celery-worker-light-metrics-service.yaml
build-input	configuration	deployment/helm/charts/onyx/templates/celery-worker-light-scaledobject.yaml	sha256:194c822bca3d7fd0e1f4a7bab87394c32a71da6751bc6cef5cc72a3d97ee0a69	deployment/helm/charts/onyx/templates/celery-worker-light-scaledobject.yaml
build-input	configuration	deployment/helm/charts/onyx/templates/celery-worker-light.yaml	sha256:36ab6cfa021d44aaf9e772aaf55074a84c165d2077ddfefa29666976a18f84a8	deployment/helm/charts/onyx/templates/celery-worker-light.yaml
build-input	configuration	deployment/helm/charts/onyx/templates/celery-worker-monitoring-hpa.yaml	sha256:e69d69382a75121ee9ff16e77410e7511b433f2864d52e8f242a4098dbad0a71	deployment/helm/charts/onyx/templates/celery-worker-monitoring-hpa.yaml
build-input	configuration	deployment/helm/charts/onyx/templates/celery-worker-monitoring-metrics-service.yaml	sha256:93a8ed3e731d896899c918ffd8886aa9358793c37616ec795d866a3aabca062a	deployment/helm/charts/onyx/templates/celery-worker-monitoring-metrics-service.yaml
build-input	configuration	deployment/helm/charts/onyx/templates/celery-worker-monitoring-scaledobject.yaml	sha256:86b15fe6b18710780369987fc2c0eda4d2e37cc374867c941627ecae5f001e31	deployment/helm/charts/onyx/templates/celery-worker-monitoring-scaledobject.yaml
build-input	configuration	deployment/helm/charts/onyx/templates/celery-worker-monitoring.yaml	sha256:40b22c1fda1065236f2e279765843a1c1562b11b031094c64b516b06b4e56068	deployment/helm/charts/onyx/templates/celery-worker-monitoring.yaml
build-input	configuration	deployment/helm/charts/onyx/templates/celery-worker-primary-hpa.yaml	sha256:57dfc2a04ad6f5c115f2dc150340445678085274dfe27faa90bdbd84cf0b455a	deployment/helm/charts/onyx/templates/celery-worker-primary-hpa.yaml
build-input	configuration	deployment/helm/charts/onyx/templates/celery-worker-primary-metrics-service.yaml	sha256:1a04173d3692ba73245bf45834dbcd27dfd93247f56a06fa9d80b7b71b5fd58b	deployment/helm/charts/onyx/templates/celery-worker-primary-metrics-service.yaml
build-input	configuration	deployment/helm/charts/onyx/templates/celery-worker-primary-scaledobject.yaml	sha256:dd12d1194d396997bd6e0b2f69a84559170378fa593415cf734d413f5a87697f	deployment/helm/charts/onyx/templates/celery-worker-primary-scaledobject.yaml
build-input	configuration	deployment/helm/charts/onyx/templates/celery-worker-primary.yaml	sha256:d93e667cd13bec08d07b16ea88a6e8d382b23f179a4bf4ca3ac6d5748b7a3520	deployment/helm/charts/onyx/templates/celery-worker-primary.yaml
build-input	configuration	deployment/helm/charts/onyx/templates/celery-worker-scheduled-tasks-hpa.yaml	sha256:a029eea0d8a2d961867ad8be37d206cbb77a773f8204d2a296d1a036f7b43c56	deployment/helm/charts/onyx/templates/celery-worker-scheduled-tasks-hpa.yaml
build-input	configuration	deployment/helm/charts/onyx/templates/celery-worker-scheduled-tasks-metrics-service.yaml	sha256:c9cfab701838be0d1b6ecc1329c66a454c7b6d8fe7b1e4faeed5e14ef54ed68f	deployment/helm/charts/onyx/templates/celery-worker-scheduled-tasks-metrics-service.yaml
build-input	configuration	deployment/helm/charts/onyx/templates/celery-worker-scheduled-tasks-scaledobject.yaml	sha256:e2ae1b3ff17ef14ac516d0cd160acd085b035f747ba5f0bb275bbcf6f97adcb4	deployment/helm/charts/onyx/templates/celery-worker-scheduled-tasks-scaledobject.yaml
build-input	configuration	deployment/helm/charts/onyx/templates/celery-worker-scheduled-tasks.yaml	sha256:b34fb8bed3d9d58bd296da29bc705d851fb0d2be612285aaee86d8093204297f	deployment/helm/charts/onyx/templates/celery-worker-scheduled-tasks.yaml
build-input	configuration	deployment/helm/charts/onyx/templates/celery-worker-servicemonitors.yaml	sha256:16e06dab3672300b6b12d1e8d08f7fd733869f665c99f9393094e4e7006c53a7	deployment/helm/charts/onyx/templates/celery-worker-servicemonitors.yaml
build-input	configuration	deployment/helm/charts/onyx/templates/celery-worker-user-file-processing-hpa.yaml	sha256:dde591817040c9ca7e6040b7a68808d62b1bc26bc4ccbc618f8a813c71854e53	deployment/helm/charts/onyx/templates/celery-worker-user-file-processing-hpa.yaml
build-input	configuration	deployment/helm/charts/onyx/templates/celery-worker-user-file-processing-scaledobject.yaml	sha256:460d62345bdf4ae958e6454c811d6e7498351a6bc4ba1a853573326f525adc50	deployment/helm/charts/onyx/templates/celery-worker-user-file-processing-scaledobject.yaml
build-input	configuration	deployment/helm/charts/onyx/templates/celery-worker-user-file-processing.yaml	sha256:e8be9097ea896178322d7290a21955d61e2f9ebb7eb27a5dbd6c039647cac0b1	deployment/helm/charts/onyx/templates/celery-worker-user-file-processing.yaml
build-input	configuration	deployment/helm/charts/onyx/templates/configmap.yaml	sha256:5ddee1bcfdf6e07bc41f6f3651a802259ce7b410b8c4197d5ed80c22fd40a0ee	deployment/helm/charts/onyx/templates/configmap.yaml
build-input	configuration	deployment/helm/charts/onyx/templates/craft-kubernetes-version-check.yaml	sha256:2ae94d1386cf6888988c88077fcbc44e6bec9005859fc31e8dce5d6fffe1ec0d	deployment/helm/charts/onyx/templates/craft-kubernetes-version-check.yaml
build-input	configuration	deployment/helm/charts/onyx/templates/craft-validation.yaml	sha256:04e1b08ddb372b7d2456ff5a112923f0a9780eb46df6064baef0955ca019939d	deployment/helm/charts/onyx/templates/craft-validation.yaml
build-input	configuration	deployment/helm/charts/onyx/templates/discordbot.yaml	sha256:71b0a07fa6486de98dba121f57f505dbf3588ae71bddba724dd6544af34e558b	deployment/helm/charts/onyx/templates/discordbot.yaml
build-input	configuration	deployment/helm/charts/onyx/templates/external-secret.yaml	sha256:17e17e52994a66ae96c4a2ad632bc6d106e3596675b06c3ac072855fc246efde	deployment/helm/charts/onyx/templates/external-secret.yaml
build-input	configuration	deployment/helm/charts/onyx/templates/extra-manifests.yaml	sha256:1195c5da47bc9de646ac1e10702b403f7c481a3a2750a826542ef75ecb5898bb	deployment/helm/charts/onyx/templates/extra-manifests.yaml
build-input	configuration	deployment/helm/charts/onyx/templates/grafana-dashboards.yaml	sha256:f797cffd5440d22857aee5e0f18351e9166ed5e0033c380db1b5531c8f0482a7	deployment/helm/charts/onyx/templates/grafana-dashboards.yaml
build-input	configuration	deployment/helm/charts/onyx/templates/indexing-model-deployment.yaml	sha256:c850547611d8723058bc57c066ef1870976eb8d84fb4806cb115653a40f9d47c	deployment/helm/charts/onyx/templates/indexing-model-deployment.yaml
build-input	configuration	deployment/helm/charts/onyx/templates/indexing-model-service.yaml	sha256:31c48cd4dcf4ade3be0982b1259b7fbb73e3eb05c2981a98b19e9202c1a999d8	deployment/helm/charts/onyx/templates/indexing-model-service.yaml
build-input	configuration	deployment/helm/charts/onyx/templates/inference-model-deployment.yaml	sha256:3541d8d7fa89b706314cb2757275fbdd0bf596fc2f2a4c1b44161edb547cb0c0	deployment/helm/charts/onyx/templates/inference-model-deployment.yaml
build-input	configuration	deployment/helm/charts/onyx/templates/inference-model-service.yaml	sha256:d5098cad613d70bf8a7207750a98e62be5ea9b7002929d13f4a733ba98b88c9a	deployment/helm/charts/onyx/templates/inference-model-service.yaml
build-input	configuration	deployment/helm/charts/onyx/templates/ingress-api.yaml	sha256:7e66311fa28c8faac3cbd9d264908420c82d660942b34aec7351e2b0d6e8695b	deployment/helm/charts/onyx/templates/ingress-api.yaml
build-input	configuration	deployment/helm/charts/onyx/templates/ingress-mcp-oauth-callback.yaml	sha256:43488583d1d25d6cea2092d6ecf8a0ebe7c3ec1f5336796a535667a631af0c4e	deployment/helm/charts/onyx/templates/ingress-mcp-oauth-callback.yaml
build-input	configuration	deployment/helm/charts/onyx/templates/ingress-mcp.yaml	sha256:d618fbf4cc484c815cba301daa7ef96c26cba2e6a86b5529d3b16b828f670df8	deployment/helm/charts/onyx/templates/ingress-mcp.yaml
build-input	configuration	deployment/helm/charts/onyx/templates/ingress-scim.yaml	sha256:5b11ed8c3737c3a77275349e2a76b6d42a233ef9a130300964c51a33a88e8dd6	deployment/helm/charts/onyx/templates/ingress-scim.yaml
build-input	configuration	deployment/helm/charts/onyx/templates/ingress-webserver.yaml	sha256:2e9371be7148cf3a3ceae937af58e507844c451c5e7c5cf110c50f4c6502e57d	deployment/helm/charts/onyx/templates/ingress-webserver.yaml
build-input	configuration	deployment/helm/charts/onyx/templates/legacy-vespa-check.yaml	sha256:70e596eb3910e93a6fdc43fa6f8e49a2f6e35cb2bf97ad613dae5f945e66b4ab	deployment/helm/charts/onyx/templates/legacy-vespa-check.yaml
build-input	configuration	deployment/helm/charts/onyx/templates/lets-encrypt.yaml	sha256:a76501b23c0c99b01730a52d8ca4ca812cc4be0fdf6edde645eda36c735eb57b	deployment/helm/charts/onyx/templates/lets-encrypt.yaml
build-input	configuration	deployment/helm/charts/onyx/templates/mcp-server-deployment.yaml	sha256:2b919a02daf2b98988140812b12c34ecde296502574f8fd2f2329be00e168588	deployment/helm/charts/onyx/templates/mcp-server-deployment.yaml
build-input	configuration	deployment/helm/charts/onyx/templates/mcp-server-service.yaml	sha256:48c2e083a3ba9f0e07e6f492a5fd1fdd554e03bb8b7953fe592fe208a1af641c	deployment/helm/charts/onyx/templates/mcp-server-service.yaml
build-input	configuration	deployment/helm/charts/onyx/templates/mcp-server-servicemonitor.yaml	sha256:f26372151d57aba858f9bb7f9802a6000fd244b3e86d4b4f2888203f30c486fa	deployment/helm/charts/onyx/templates/mcp-server-servicemonitor.yaml
build-input	configuration	deployment/helm/charts/onyx/templates/network-policy-sandbox-egress.yaml	sha256:51399812b1149194fbeae4da03f1d09a2a3605795db46e41d1a8be2b525aebc1	deployment/helm/charts/onyx/templates/network-policy-sandbox-egress.yaml
build-input	configuration	deployment/helm/charts/onyx/templates/network-policy-sandbox-push.yaml	sha256:8bf81eddd8ca36de1d7518740df25e844d5155e25e8a5635d4eaa331cd1d2431	deployment/helm/charts/onyx/templates/network-policy-sandbox-push.yaml
build-input	configuration	deployment/helm/charts/onyx/templates/nginx-conf.yaml	sha256:6122f7f9fecbe18213746d6e10ba9fb1d9cdd43366fd966b7ee73b9ed1e86686	deployment/helm/charts/onyx/templates/nginx-conf.yaml
build-input	configuration	deployment/helm/charts/onyx/templates/postgres-cluster.yaml	sha256:6f13d8c1f1e7c67e430faddf91bbaf3a1d114817fb3671ccf1c3628aae41755a	deployment/helm/charts/onyx/templates/postgres-cluster.yaml
build-input	configuration	deployment/helm/charts/onyx/templates/pre-delete-cleanup.yaml	sha256:87038b4fa5b409285754a1ad7e2db8e3bf6f76eada36844db2122d8761496eb3	deployment/helm/charts/onyx/templates/pre-delete-cleanup.yaml
build-input	configuration	deployment/helm/charts/onyx/templates/redis-tls-validation.yaml	sha256:d96e2bab597deeb8f073b1c3207c151f57aa5d0b091f3dce34bea81d05a96d34	deployment/helm/charts/onyx/templates/redis-tls-validation.yaml
build-input	configuration	deployment/helm/charts/onyx/templates/sandbox-image-prepuller.yaml	sha256:63f7436ce27c9b61a281ed8822c1b2fc3d677a32ce22ef8ab02274cdfb373138	deployment/helm/charts/onyx/templates/sandbox-image-prepuller.yaml
build-input	configuration	deployment/helm/charts/onyx/templates/sandbox-namespace.yaml	sha256:72d610e1ddea85e2b7f74e40bd95f0d3d031a261dbc6445bfbb674fd7b27ef36	deployment/helm/charts/onyx/templates/sandbox-namespace.yaml
build-input	configuration	deployment/helm/charts/onyx/templates/sandbox-podtemplate.yaml	sha256:7bcc7ef6f56f3715d22db41f745e204ba0ae1dbe07af4885c930bc08b8a6ed5a	deployment/helm/charts/onyx/templates/sandbox-podtemplate.yaml
build-input	configuration	deployment/helm/charts/onyx/templates/sandbox-proxy/deployment.yaml	sha256:be04ed47a39f03c897271b4ef859a455bd6edb048bee99ca0634ff975dc9c2b0	deployment/helm/charts/onyx/templates/sandbox-proxy/deployment.yaml
build-input	configuration	deployment/helm/charts/onyx/templates/sandbox-proxy/networkpolicy-egress.yaml	sha256:ceea47a30449c166d0863cfeb21fc4a60da96b784706b68d412db4d0c45f9b5f	deployment/helm/charts/onyx/templates/sandbox-proxy/networkpolicy-egress.yaml
build-input	configuration	deployment/helm/charts/onyx/templates/sandbox-proxy/networkpolicy.yaml	sha256:e0bde91df4e4abd6ea8bd4dd8ef961be5f6aa1685734f697859448c492f1be84	deployment/helm/charts/onyx/templates/sandbox-proxy/networkpolicy.yaml
build-input	configuration	deployment/helm/charts/onyx/templates/sandbox-proxy/pdb.yaml	sha256:1f131f5f09efabd340df02cdfc032ad3baa43a2e2f73c1925047af302b17cba0	deployment/helm/charts/onyx/templates/sandbox-proxy/pdb.yaml
build-input	configuration	deployment/helm/charts/onyx/templates/sandbox-proxy/rbac.yaml	sha256:1094e6163328ddc8e36f32b9fd447b5be4286b0b33368a833d1a3e83bf0932ae	deployment/helm/charts/onyx/templates/sandbox-proxy/rbac.yaml
build-input	configuration	deployment/helm/charts/onyx/templates/sandbox-proxy/service.yaml	sha256:ec86fe7538b10559a6ddcda9099f4ad99f82218fa36dbd118d1887b1bfde3708	deployment/helm/charts/onyx/templates/sandbox-proxy/service.yaml
build-input	configuration	deployment/helm/charts/onyx/templates/sandbox-rbac.yaml	sha256:44dfb40f5775abf6182ef0a317519643b6ed04fd397a33b469fc587c1397fc83	deployment/helm/charts/onyx/templates/sandbox-rbac.yaml
build-input	configuration	deployment/helm/charts/onyx/templates/serviceaccount.yaml	sha256:3af1c4beaca58f342560324fd712180bed15f4a6b18ced73ac23679e7c9e29b1	deployment/helm/charts/onyx/templates/serviceaccount.yaml
build-input	configuration	deployment/helm/charts/onyx/templates/slackbot.yaml	sha256:6e61ed4364702f1b607c822e52041df327bd51c9c6db78629f1996ac7faba4af	deployment/helm/charts/onyx/templates/slackbot.yaml
build-input	configuration	deployment/helm/charts/onyx/templates/tests/test-connection.yaml	sha256:44acb000bfc0298c178957ed2edaf673bc8aa9da8e80975ecf7137c363bd076b	deployment/helm/charts/onyx/templates/tests/test-connection.yaml
build-input	configuration	deployment/helm/charts/onyx/templates/tooling-pginto-configmap.yaml	sha256:c8d06112700578ddf1bd2ebc27c470173b457ea035baae8db5f332a84557e904	deployment/helm/charts/onyx/templates/tooling-pginto-configmap.yaml
build-input	configuration	deployment/helm/charts/onyx/templates/webserver-deployment.yaml	sha256:72b8b7832cf7187b1336e4609937867396e53b7f1391b46124d52b8ea505016b	deployment/helm/charts/onyx/templates/webserver-deployment.yaml
build-input	configuration	deployment/helm/charts/onyx/templates/webserver-hpa.yaml	sha256:ec5e8962d11c2a72d8c55107623b352b469dd64b3f8bfd1e4835be563cd78dcc	deployment/helm/charts/onyx/templates/webserver-hpa.yaml
build-input	configuration	deployment/helm/charts/onyx/templates/webserver-scaledobject.yaml	sha256:1d5eb1b9eea4b9970c53927d00826b91286d140852f55fa1c7205bb1757ef6e5	deployment/helm/charts/onyx/templates/webserver-scaledobject.yaml
build-input	configuration	deployment/helm/charts/onyx/templates/webserver-service.yaml	sha256:f6aa6b73ad7dcb36b069f8ad7f4e44bcbde311193e6aa4e257644147b0f83e63	deployment/helm/charts/onyx/templates/webserver-service.yaml
build-input	configuration	deployment/helm/charts/onyx/templates_disabled/background-deployment.yaml	sha256:1ad41c77e2428cc3d720a47bd9a2769b9700010520fdf8505f1eaa2751d27b7b	deployment/helm/charts/onyx/templates_disabled/background-deployment.yaml
build-input	configuration	deployment/helm/charts/onyx/templates_disabled/background-hpa.yaml	sha256:578e12248b51080da8e8d786f3002f3e48485528cbd6b7f96dd5a90950973ca3	deployment/helm/charts/onyx/templates_disabled/background-hpa.yaml
build-input	configuration	deployment/helm/charts/onyx/templates_disabled/onyx-secret.yaml	sha256:3b9c20866c34cc02eaffe49b905decfa26051b91b7703c015cae91eff20164af	deployment/helm/charts/onyx/templates_disabled/onyx-secret.yaml
build-input	configuration	deployment/helm/charts/onyx/values-ci.yaml	sha256:36a736d3ffb5cd653369e3be166f5bcac8b5cc9a4fc9908dd5e431f27d8cdaac	deployment/helm/charts/onyx/values-ci.yaml
build-input	configuration	deployment/helm/charts/onyx/values-lite.yaml	sha256:ae4a6b341de324ff7c26e0aa92bcfe372dd817939b382daee9d5004273a0cc2e	deployment/helm/charts/onyx/values-lite.yaml
build-input	configuration	deployment/helm/charts/onyx/values-localdev.yaml	sha256:bde3cb753b394e34b15a40e11865933a0363ebdc6eea325a5ee505546e1287bd	deployment/helm/charts/onyx/values-localdev.yaml
build-input	configuration	deployment/helm/charts/onyx/values.yaml	sha256:2aba14dd53258ce9846fc32eb0a98b083c02e8aa0d07f4b17b1732a659f759e5	deployment/helm/charts/onyx/values.yaml
build-input	terraform	deployment/terraform/modules/aws/eks/main.tf	sha256:6bfe5948f59317de1d66a79e68a8d7d1698f620630ee6afd1aa53c075f2a74d0	deployment/terraform/modules/aws/eks/main.tf
build-input	terraform	deployment/terraform/modules/aws/eks/outputs.tf	sha256:4c672e1eabb4fb38b2635118b55f31d6f36c6bee0a052281ed8ed96319e85a5f	deployment/terraform/modules/aws/eks/outputs.tf
build-input	terraform	deployment/terraform/modules/aws/eks/variables.tf	sha256:f72c744d49e3f98a720589f25b4559eac3da674870d281b8965521c6d435a56b	deployment/terraform/modules/aws/eks/variables.tf
build-input	terraform	deployment/terraform/modules/aws/eks/versions.tf	sha256:a8cd7cf9de143f2b85d857a50994eb9e6230291fce80abd18a68e5c61e9eebc9	deployment/terraform/modules/aws/eks/versions.tf
build-input	terraform	deployment/terraform/modules/aws/onyx/main.tf	sha256:db880ac4e922fd03e2ebfa1cad5e9c1b7f7a89d9d8179739e5f38a77b0d71c32	deployment/terraform/modules/aws/onyx/main.tf
build-input	terraform	deployment/terraform/modules/aws/onyx/outputs.tf	sha256:450f9284ad4a4605629a78de6b9168eb493d20b0715b2b72f2cd3fb3b67103f7	deployment/terraform/modules/aws/onyx/outputs.tf
build-input	terraform	deployment/terraform/modules/aws/onyx/variables.tf	sha256:087cc37bcbc5ebcd41ec2ec4c4dbb6021e728240d8b1cb7d0978e2f5fdfaede0	deployment/terraform/modules/aws/onyx/variables.tf
build-input	terraform	deployment/terraform/modules/aws/onyx/versions.tf	sha256:a8cd7cf9de143f2b85d857a50994eb9e6230291fce80abd18a68e5c61e9eebc9	deployment/terraform/modules/aws/onyx/versions.tf
build-input	terraform	deployment/terraform/modules/aws/opensearch/main.tf	sha256:e9105ccff133d1b7cfb6fe7ac4af030905e2bd23f00c7ba4caa548936debdeac	deployment/terraform/modules/aws/opensearch/main.tf
build-input	terraform	deployment/terraform/modules/aws/opensearch/outputs.tf	sha256:36bd93a954c147ef6c8e5f8fc35fc0697b80b80416a21a4572c645c2cafd0e07	deployment/terraform/modules/aws/opensearch/outputs.tf
build-input	terraform	deployment/terraform/modules/aws/opensearch/variables.tf	sha256:2523d4d7ce2afbe5966e0bc7477d0f4f4f4d2b428a1cd88a67fc8778df933017	deployment/terraform/modules/aws/opensearch/variables.tf
build-input	terraform	deployment/terraform/modules/aws/opensearch/versions.tf	sha256:95e887c57d988186470b7a2a5328fd2ea9bfad6d1a9f3712d512d26561477e19	deployment/terraform/modules/aws/opensearch/versions.tf
build-input	terraform	deployment/terraform/modules/aws/postgres/main.tf	sha256:abbbfc541a87412d067b760ba2e733ae926b9bb1fc7d1b1fa5001b203aaf46d7	deployment/terraform/modules/aws/postgres/main.tf
build-input	terraform	deployment/terraform/modules/aws/postgres/outputs.tf	sha256:8200681347f80371c456bf1b5d2c15e7b61414597db65ff0d30953ceffd5f67a	deployment/terraform/modules/aws/postgres/outputs.tf
build-input	terraform	deployment/terraform/modules/aws/postgres/variables.tf	sha256:b6160cc41e5daf2804ba5554558c2f1fb98c1be911dc2940120e10230406ab8b	deployment/terraform/modules/aws/postgres/variables.tf
build-input	terraform	deployment/terraform/modules/aws/postgres/versions.tf	sha256:cec99ee466bfebec8666b24e39b4231c63ba0cb6b72270130346aa6fe76f6dcf	deployment/terraform/modules/aws/postgres/versions.tf
build-input	terraform	deployment/terraform/modules/aws/redis/main.tf	sha256:ffbe20470acad52340e52aa9f40d28f6b2fdb14a12c48f30c469c6e6f9162b51	deployment/terraform/modules/aws/redis/main.tf
build-input	terraform	deployment/terraform/modules/aws/redis/outputs.tf	sha256:268771046480d68e50b30cfcd9b3ed4043398bd8e23aa9c85dd2efa639757d89	deployment/terraform/modules/aws/redis/outputs.tf
build-input	terraform	deployment/terraform/modules/aws/redis/variables.tf	sha256:5b1c8fca3956d40db1800ed069370143e44a02f1ae4907ee6a67e866b90ee97e	deployment/terraform/modules/aws/redis/variables.tf
build-input	terraform	deployment/terraform/modules/aws/redis/versions.tf	sha256:95e887c57d988186470b7a2a5328fd2ea9bfad6d1a9f3712d512d26561477e19	deployment/terraform/modules/aws/redis/versions.tf
build-input	terraform	deployment/terraform/modules/aws/s3/main.tf	sha256:284d57ab42e41a53953bd63dbc93a94f0f7d6d326c6654fdf25a9bfb9a5b7042	deployment/terraform/modules/aws/s3/main.tf
build-input	terraform	deployment/terraform/modules/aws/s3/outputs.tf	sha256:0b201eadece7f7da5cb88573e69e21deba294bdb1117bc0d4ee46c734ea8bbdd	deployment/terraform/modules/aws/s3/outputs.tf
build-input	terraform	deployment/terraform/modules/aws/s3/variables.tf	sha256:9f10097d72ec9c28c3db67f178ea9f18341d5783c2e1637c3a10a54c537ea9d5	deployment/terraform/modules/aws/s3/variables.tf
build-input	terraform	deployment/terraform/modules/aws/s3/versions.tf	sha256:21a25b49396e8277b86f7cdcb4b6ff45bdfd8a7bfaeee7c550a7012eeb651e28	deployment/terraform/modules/aws/s3/versions.tf
build-input	terraform	deployment/terraform/modules/aws/vpc/main.tf	sha256:604b9b33a681c5b585eb44fab08ed35fdb27de44ebddcadbb1f6212a2a1460a9	deployment/terraform/modules/aws/vpc/main.tf
build-input	terraform	deployment/terraform/modules/aws/vpc/outputs.tf	sha256:110cd55ebcef8808c36ea11900b105c6fb0949c389ee4b4582d111e6444848b8	deployment/terraform/modules/aws/vpc/outputs.tf
build-input	terraform	deployment/terraform/modules/aws/vpc/variables.tf	sha256:70e01edfc19b1fdf266e860f29bcfec36cd7d09c9a90a3e2730676990e0709bd	deployment/terraform/modules/aws/vpc/variables.tf
build-input	terraform	deployment/terraform/modules/aws/vpc/versions.tf	sha256:92799fb2349374815e1ece2882a9aaaad1b9aa56808e53fcac37e02863a54738	deployment/terraform/modules/aws/vpc/versions.tf
build-input	terraform	deployment/terraform/modules/aws/waf/main.tf	sha256:a2a5c708803d803a76c827f8daeb13e6dfbfa8baf7a02dd6a6a68fcfd9aa9ef1	deployment/terraform/modules/aws/waf/main.tf
build-input	terraform	deployment/terraform/modules/aws/waf/outputs.tf	sha256:2c3d196c790d41a31b655eee337d89d00c6ead8425301cd88b2804e25ba56efe	deployment/terraform/modules/aws/waf/outputs.tf
build-input	terraform	deployment/terraform/modules/aws/waf/variables.tf	sha256:5175edb549b4092f3b092b20755793b9efa0c6452056a006348b016614071353	deployment/terraform/modules/aws/waf/variables.tf
build-input	terraform	deployment/terraform/modules/aws/waf/versions.tf	sha256:95e887c57d988186470b7a2a5328fd2ea9bfad6d1a9f3712d512d26561477e19	deployment/terraform/modules/aws/waf/versions.tf
build-input	terraform	deployment/terraform/modules/azure/aks/main.tf	sha256:666663b54271992fcd58d546f5867efda229b45f7b94984a2abd56c983c35ce9	deployment/terraform/modules/azure/aks/main.tf
build-input	terraform	deployment/terraform/modules/azure/aks/outputs.tf	sha256:c9eec42b727d3b687b7e0ce6abab1b5556a3daf09ee83d0d88ac5c06d2ab6661	deployment/terraform/modules/azure/aks/outputs.tf
build-input	terraform	deployment/terraform/modules/azure/aks/variables.tf	sha256:b3e626b73591f1a842678132db8a7624b1950ef785a7177c9a1aba735127d8a4	deployment/terraform/modules/azure/aks/variables.tf
build-input	terraform	deployment/terraform/modules/azure/aks/versions.tf	sha256:eec210bc9cca7b518df78a49edd6789fa2075d3de78777e3cf77c49c52e6f42d	deployment/terraform/modules/azure/aks/versions.tf
build-input	terraform	deployment/terraform/modules/azure/onyx/main.tf	sha256:f1feefd040734de30e9f844f42db12bfb0d341e75621a776be4f2c10ff959517	deployment/terraform/modules/azure/onyx/main.tf
build-input	terraform	deployment/terraform/modules/azure/onyx/outputs.tf	sha256:a1466ea365f89a3081c91037d35383af1a37f88faf60936eb2fd6d5a85764061	deployment/terraform/modules/azure/onyx/outputs.tf
build-input	terraform	deployment/terraform/modules/azure/onyx/variables.tf	sha256:ca056ed62a7f2ac72d9aabc0d1838a1458cd1ef29709cf031a167db33bf6d291	deployment/terraform/modules/azure/onyx/variables.tf
build-input	terraform	deployment/terraform/modules/azure/onyx/versions.tf	sha256:eec210bc9cca7b518df78a49edd6789fa2075d3de78777e3cf77c49c52e6f42d	deployment/terraform/modules/azure/onyx/versions.tf
build-input	terraform	deployment/terraform/modules/azure/postgres/main.tf	sha256:ab7facebf8f7b0997afe0404925544f73ac3b41e2b9fb1d0fe1c0f12ddc1bc06	deployment/terraform/modules/azure/postgres/main.tf
build-input	terraform	deployment/terraform/modules/azure/postgres/outputs.tf	sha256:d1e866ab248fa816f603b8baba9f49c3d91637dfa40bb5a1ef4fe081cb2d9f5e	deployment/terraform/modules/azure/postgres/outputs.tf
build-input	terraform	deployment/terraform/modules/azure/postgres/variables.tf	sha256:6b902c02253f7a171212c9bfc2e968d3ad19a97d1169fbc375d029f45770eeec	deployment/terraform/modules/azure/postgres/variables.tf
build-input	terraform	deployment/terraform/modules/azure/postgres/versions.tf	sha256:f1c00ad13369bd84a12aca5f9b4d88f8727374a6b49f2fa9b3a2e32197cba006	deployment/terraform/modules/azure/postgres/versions.tf
build-input	terraform	deployment/terraform/modules/azure/redis/main.tf	sha256:e4db6dfe72c3392ac64fed1b48e77f275efcdaeef41643800dd276da75050de3	deployment/terraform/modules/azure/redis/main.tf
build-input	terraform	deployment/terraform/modules/azure/redis/outputs.tf	sha256:ed32f3a1d3d0bf3634da94a0052306b0decd5753ff3862ba13e7abde076dfb1f	deployment/terraform/modules/azure/redis/outputs.tf
build-input	terraform	deployment/terraform/modules/azure/redis/variables.tf	sha256:ea9f2feb41e840d573976052c243603224ff9f3dc5a086fb5146f11bebd3649d	deployment/terraform/modules/azure/redis/variables.tf
build-input	terraform	deployment/terraform/modules/azure/redis/versions.tf	sha256:28e71e4492b8a0686ff497cc20ca242a8f6baba45805196565d9070761ddb8bb	deployment/terraform/modules/azure/redis/versions.tf
build-input	terraform	deployment/terraform/modules/azure/storage/main.tf	sha256:120f7cb9bdf77f404759e0d7c29cf7110da88cc68a52f823976aed45d4508b83	deployment/terraform/modules/azure/storage/main.tf
build-input	terraform	deployment/terraform/modules/azure/storage/outputs.tf	sha256:de4d3a06d86378c8209a1891c095e922a8a8062156c1639b3be2abab0c93d46c	deployment/terraform/modules/azure/storage/outputs.tf
build-input	terraform	deployment/terraform/modules/azure/storage/variables.tf	sha256:b8a1d89340bb6f53c7d94f34d362e28c4663a8d0670ed46102e318692b891fd0	deployment/terraform/modules/azure/storage/variables.tf
build-input	terraform	deployment/terraform/modules/azure/storage/versions.tf	sha256:f1c00ad13369bd84a12aca5f9b4d88f8727374a6b49f2fa9b3a2e32197cba006	deployment/terraform/modules/azure/storage/versions.tf
build-input	terraform	deployment/terraform/modules/azure/vnet/main.tf	sha256:5d319e44f69a0457eb2f38bf945f432bbe5c78e204567688eb82732f0976d8e7	deployment/terraform/modules/azure/vnet/main.tf
build-input	terraform	deployment/terraform/modules/azure/vnet/outputs.tf	sha256:82c861e776a12525b7d4e0d0d48257c908a7675d99e7ba919e9806065fa41287	deployment/terraform/modules/azure/vnet/outputs.tf
build-input	terraform	deployment/terraform/modules/azure/vnet/variables.tf	sha256:6ec5bc26af0488a9d1906e0ed9b004072e1bfedf8251f95e5fb77df259f8cc4a	deployment/terraform/modules/azure/vnet/variables.tf
build-input	terraform	deployment/terraform/modules/azure/vnet/versions.tf	sha256:685bad9b4cdc8480cfb5531b0938b65108fea55c9621df13104428b6cb8dc14f	deployment/terraform/modules/azure/vnet/versions.tf
build-input	terraform	deployment/terraform/modules/azure/waf/main.tf	sha256:b63bce54340a7ef8b8a6ed542cfe75a77a2b4a97c070d368fb2ddd0b0e11b6c4	deployment/terraform/modules/azure/waf/main.tf
build-input	terraform	deployment/terraform/modules/azure/waf/outputs.tf	sha256:3c80032ecaee671afb321a66601945e7b4a60a3e1c6153d647c21f856110e08b	deployment/terraform/modules/azure/waf/outputs.tf
build-input	terraform	deployment/terraform/modules/azure/waf/variables.tf	sha256:fcd8fddf4404703c6913620d0e728730b468ca9f6cf3b0d9be35f1588608a945	deployment/terraform/modules/azure/waf/variables.tf
build-input	terraform	deployment/terraform/modules/azure/waf/versions.tf	sha256:f1c00ad13369bd84a12aca5f9b4d88f8727374a6b49f2fa9b3a2e32197cba006	deployment/terraform/modules/azure/waf/versions.tf
build-input	javascript-manifest	desktop/package.json	sha256:1225f82b2791ba536657558c6d4fef77a2be2c6fdfc1d1f524608d36eb957cb5	desktop/package.json
build-input	rust-lock	desktop/src-tauri/Cargo.lock	sha256:1262d7f0fccabee654a92e49804a41230412c0ab88155a7307a3539acc3ef9d8	desktop/src-tauri/Cargo.lock
build-input	rust-manifest	desktop/src-tauri/Cargo.toml	sha256:7d681208331e7daeeb0fcb33921d56a5e52028976bcabb25501f0df3e63da7dc	desktop/src-tauri/Cargo.toml
build-input	other	docs/craft/docker/docker-compose-overview.md	sha256:9fbd18648fdd4996393420bb45698b5d9da517df2308fdbfb119196f1788ab51	docs/craft/docker/docker-compose-overview.md
build-input	other	docs/security/evidence/phase4-docker-compose-security-evidence.md	sha256:9b5345369c6f14b450c1b81359c85612c35f0a7fa9a7108399b25591e66a8b43	docs/security/evidence/phase4-docker-compose-security-evidence.md
build-input	javascript-manifest	examples/widget/package.json	sha256:a3f3359b65b6a3cc3c70ba160c1f97804a839bdade897a0736168d5973ebff17	examples/widget/package.json
build-input	bun-lock	mobile/bun.lock	sha256:a31562dfb845e02ff3639f4890bf61c1fe3b5f054f468c895ec5e1f718bfc6cc	mobile/bun.lock
build-input	javascript-manifest	mobile/package.json	sha256:db9a40de2fc5df3ba4d1fee7a6eb376b9c81b9e2755b6839982bde04c51ffcbd	mobile/package.json
build-input	javascript-manifest	package.json	sha256:6e1c7daa3a1ce53eede22d9a864e660c9ca4a35eb2579b402acfb1b236a55c46	package.json
build-input	python-manifest	pyproject.toml	sha256:d534e024b6a348746dd1e931357fe133b7772863846da0d121536e5d6b72866d	pyproject.toml
build-input	terraform	terraform-provider-onyx/examples/bootstrap/main.tf	sha256:cb734fb15c362f00184d7766958c3f893a27faa6d584ebc4112b242ec52a5a0d	terraform-provider-onyx/examples/bootstrap/main.tf
build-input	terraform	terraform-provider-onyx/examples/bootstrap/outputs.tf	sha256:b89f246f392a073f1e08fa67183d21cbe0c8cb5af5bb89bbe69dfc8379676aa5	terraform-provider-onyx/examples/bootstrap/outputs.tf
build-input	terraform	terraform-provider-onyx/examples/bootstrap/variables.tf	sha256:def42e6c102537c0ae8c095a1287d7a45cb52e72dc3d68c235c2390e283ce1a0	terraform-provider-onyx/examples/bootstrap/variables.tf
build-input	terraform	terraform-provider-onyx/examples/data-sources/onyx_connectors/data-source.tf	sha256:cc92be6a5098a926ac1c9ed69e2159a14e20024bf45c7520da68f20f534b8a31	terraform-provider-onyx/examples/data-sources/onyx_connectors/data-source.tf
build-input	terraform	terraform-provider-onyx/examples/data-sources/onyx_embedding_providers/data-source.tf	sha256:889deb09380d5ee64249db19438f6ddd32f8d7a5610c755753548cf719b00555	terraform-provider-onyx/examples/data-sources/onyx_embedding_providers/data-source.tf
build-input	terraform	terraform-provider-onyx/examples/data-sources/onyx_llm_providers/data-source.tf	sha256:59c3b164ec6c32a6f0948c66b1ca9b585bdef68f6531076dd542ca9e7c5cf001	terraform-provider-onyx/examples/data-sources/onyx_llm_providers/data-source.tf
build-input	terraform	terraform-provider-onyx/examples/data-sources/onyx_settings/data-source.tf	sha256:fd03eccf7c010c2d7747ec4b2aee1113b32b15fc7924018dc75fb951be8a3df3	terraform-provider-onyx/examples/data-sources/onyx_settings/data-source.tf
build-input	terraform	terraform-provider-onyx/examples/provider/provider.tf	sha256:3aed805880fde850b26eb21af8cbabd5ebba14738a72262978f713dcba5db9e9	terraform-provider-onyx/examples/provider/provider.tf
build-input	terraform	terraform-provider-onyx/examples/resources/onyx_agent/resource.tf	sha256:fbbffa52180b214e44ec159959cfd38524d86c12929f161d866809a1816c92c7	terraform-provider-onyx/examples/resources/onyx_agent/resource.tf
build-input	terraform	terraform-provider-onyx/examples/resources/onyx_api_key/resource.tf	sha256:c1da465853a5e296ed57557244ab8dc234c75cfbfa3f52ad165218a2a68e2e71	terraform-provider-onyx/examples/resources/onyx_api_key/resource.tf
build-input	terraform	terraform-provider-onyx/examples/resources/onyx_cc_pair/resource.tf	sha256:1e91d13ab560affd09aac5f23bb6c8af211cfaf7172dcd67623376fdc1dc4cb0	terraform-provider-onyx/examples/resources/onyx_cc_pair/resource.tf
build-input	terraform	terraform-provider-onyx/examples/resources/onyx_connector/resource.tf	sha256:a0e4b5133fa0f0dfdb6830bdb260f1197f10a460e4513f8461d8c5fa37441d56	terraform-provider-onyx/examples/resources/onyx_connector/resource.tf
build-input	terraform	terraform-provider-onyx/examples/resources/onyx_credential/resource.tf	sha256:cfc61ff8f88bb68ce10370f2dab1fac8eb3610a1f6a36930c248150d35bc19eb	terraform-provider-onyx/examples/resources/onyx_credential/resource.tf
build-input	terraform	terraform-provider-onyx/examples/resources/onyx_custom_tool/resource.tf	sha256:3a5647a1c71b9469863b58c85083b3e85131a70d0ae858bcc1ebdacb64b939e2	terraform-provider-onyx/examples/resources/onyx_custom_tool/resource.tf
build-input	terraform	terraform-provider-onyx/examples/resources/onyx_document_set/resource.tf	sha256:720372b49da22f16adf762538fa3c3784b10f7f2c78462d8732de3ad12035531	terraform-provider-onyx/examples/resources/onyx_document_set/resource.tf
build-input	terraform	terraform-provider-onyx/examples/resources/onyx_embedding_provider/resource.tf	sha256:ab03cad58ab68a043ed499eec3d3675a2684595cfd497cebe5c6771530e9436a	terraform-provider-onyx/examples/resources/onyx_embedding_provider/resource.tf
build-input	terraform	terraform-provider-onyx/examples/resources/onyx_llm_provider/resource.tf	sha256:c601bdd2ab3b334eb84433cf8f840793336e855f1d50e3e415d24e277071a7be	terraform-provider-onyx/examples/resources/onyx_llm_provider/resource.tf
build-input	terraform	terraform-provider-onyx/examples/resources/onyx_llm_provider_default/resource.tf	sha256:9b342d3b34ef0f139c60b679f4085b01eda3c4862fada55d04e3727bac233fb3	terraform-provider-onyx/examples/resources/onyx_llm_provider_default/resource.tf
build-input	terraform	terraform-provider-onyx/examples/resources/onyx_mcp_server/resource.tf	sha256:6bbcfa1e826e5237856e8e90286f3f2627705bb4025aa839c525ed3dbf4b6913	terraform-provider-onyx/examples/resources/onyx_mcp_server/resource.tf
build-input	terraform	terraform-provider-onyx/examples/resources/onyx_settings/resource.tf	sha256:ea5c47a67d2a80e3a1d49c0bf78be8db1aecd3af9e70cf42945ce8e59706629e	terraform-provider-onyx/examples/resources/onyx_settings/resource.tf
build-input	terraform	terraform-provider-onyx/examples/resources/onyx_user_group/resource.tf	sha256:4ebfb59f2cd44476fe801587f0c47d9b01df9fa8ea3cb8ebb4b4ff87ddbf4461	terraform-provider-onyx/examples/resources/onyx_user_group/resource.tf
build-input	go-manifest	terraform-provider-onyx/go.mod	sha256:349ea23b96442149baea86a2213c2a0dd272187e7ec0bee1a25033dda87d908a	terraform-provider-onyx/go.mod
build-input	go-lock	terraform-provider-onyx/go.sum	sha256:3f9d6e6268eacef26252c2ca698c9dadf705505a2a327b4807d0610c51c33d1a	terraform-provider-onyx/go.sum
build-input	container-build	tools/loadtest/Dockerfile	sha256:8eed5227d6859a15ba502dcf48207ca1a42b17c7b392a79e25bb4ac8cbeb3936	tools/loadtest/Dockerfile
build-input	container-build	tools/loadtest/mock_llm/Dockerfile	sha256:ee9ce502368d87cf70ac991a329282de2df80deff45fe2dd52931d6e84f5dfaf	tools/loadtest/mock_llm/Dockerfile
build-input	python-manifest	tools/ods-audit/pyproject.toml	sha256:f696aa6d6f293a1e9816b3b9a19dc2638418b776a717bb92b0c3f06199675a41	tools/ods-audit/pyproject.toml
build-input	go-manifest	tools/ods/go.mod	sha256:d5c2e83d1d0db96e4b3b7c7a26818d829827a872ac4a2ffc184035b64e4e70e7	tools/ods/go.mod
build-input	go-lock	tools/ods/go.sum	sha256:a76ee0a01ab44f058dd271b31c860e90cede86c6f288925cff317881880ca9d9	tools/ods/go.sum
build-input	python-manifest	tools/ods/pyproject.toml	sha256:52782f1fce0e2fbcd328440538d90fb06b985cd129452a217137be347b45b464	tools/ods/pyproject.toml
build-input	configuration	tools/profiling/docker-compose.yml	sha256:18ca15c10afa27b54c7f523f980bf10d3a9aa4313d49692d2d1830e90dcff4ac	tools/profiling/docker-compose.yml
build-input	container-build	web/Dockerfile	sha256:0c862349aa48a3d7edbee7b2893ecfabdbc17baae69dd8ee1357749b11874c43	web/Dockerfile
build-input	bun-lock	web/bun.lock	sha256:a097015d815f5caec1a441be7391148ae4b49f84232b46b5916825cfb3b326b7	web/bun.lock
build-input	javascript-manifest	web/lib/opal/package.json	sha256:73936c6978fb0e1e0d2c2cfd399e4919e25c37bdd297cddfa0f4c6b1c984dc32	web/lib/opal/package.json
build-input	javascript-manifest	web/lib/shared/package.json	sha256:ed800bc98f64f7d7d115cb980eeea07c80ad2c92679b3bcb76a739736501e7d2	web/lib/shared/package.json
build-input	javascript-manifest	web/package.json	sha256:2c33be3c5c1fb851868cc567788db958049af74a9484dd0753b0ec9ff8ba8a79	web/package.json
build-input	javascript-manifest	web/tools/oxlint/anti-slop/package.json	sha256:99efa57883246ba0637fce32ffdfbb20390c862a6421c351be874aeebc4c7277	web/tools/oxlint/anti-slop/package.json
build-input	javascript-manifest	web/tools/oxlint/i18n/package.json	sha256:34d3c9f473528b6d3ab2f987d23148631765ec130b3bc9d0563adaee079815f7	web/tools/oxlint/i18n/package.json
build-input	javascript-manifest	web/tools/type-check/package.json	sha256:caf206480f1b600f2c6769773549e02208369c4196b9f7c5014076632d14b487	web/tools/type-check/package.json
build-input	javascript-manifest	widget/package.json	sha256:d0f7fd754d435f0942657e7b380bc518dc2b893f0dd7eb20b6edb8e40b654be0	widget/package.json
dependency	go	charm.land/bubbles/v2	v2.1.0	cli/go.sum
dependency	go	charm.land/bubbletea/v2	v2.0.2	cli/go.sum
dependency	go	charm.land/lipgloss/v2	v2.0.2	cli/go.sum
dependency	go	charm.land/log/v2	v2.0.0	cli/go.sum
dependency	go	charm.land/wish/v2	v2.0.1	cli/go.sum
dependency	go	github.com/alecthomas/assert/v2	v2.11.0	cli/go.sum
dependency	go	github.com/alecthomas/chroma/v2	v2.23.1	cli/go.sum
dependency	go	github.com/alecthomas/repr	v0.5.2	cli/go.sum
dependency	go	github.com/anmitsu/go-shlex	v0.0.0-20200514113438-38f4b401e2be	cli/go.sum
dependency	go	github.com/atotto/clipboard	v0.1.4	cli/go.sum
dependency	go	github.com/aymanbagabas/go-osc52/v2	v2.0.1	cli/go.sum
dependency	go	github.com/aymanbagabas/go-udiff	v0.4.1	cli/go.sum
dependency	go	github.com/charmbracelet/colorprofile	v0.4.3	cli/go.sum
dependency	go	github.com/charmbracelet/keygen	v0.5.4	cli/go.sum
dependency	go	github.com/charmbracelet/lipgloss	v1.1.1-0.20250404203927-76690c660834	cli/go.sum
dependency	go	github.com/charmbracelet/log	v1.0.0	cli/go.sum
dependency	go	github.com/charmbracelet/ssh	v0.0.0-20250826160808-ebfa259c7309	cli/go.sum
dependency	go	github.com/charmbracelet/ultraviolet	v0.0.0-20260205113103-524a6607adb8	cli/go.sum
dependency	go	github.com/charmbracelet/x/ansi	v0.11.6	cli/go.sum
dependency	go	github.com/charmbracelet/x/cellbuf	v0.0.15	cli/go.sum
dependency	go	github.com/charmbracelet/x/conpty	v0.2.0	cli/go.sum
dependency	go	github.com/charmbracelet/x/exp/golden	v0.0.0-20250806222409-83e3a29d542f	cli/go.sum
dependency	go	github.com/charmbracelet/x/term	v0.2.2	cli/go.sum
dependency	go	github.com/charmbracelet/x/termios	v0.1.1	cli/go.sum
dependency	go	github.com/charmbracelet/x/windows	v0.2.2	cli/go.sum
dependency	go	github.com/clipperhouse/displaywidth	v0.11.0	cli/go.sum
dependency	go	github.com/clipperhouse/uax29/v2	v2.7.0	cli/go.sum
dependency	go	github.com/cpuguy83/go-md2man/v2	v2.0.6	cli/go.sum
dependency	go	github.com/creack/pty	v1.1.24	cli/go.sum
dependency	go	github.com/davecgh/go-spew	v1.1.1	cli/go.sum
dependency	go	github.com/dlclark/regexp2	v1.11.5	cli/go.sum
dependency	go	github.com/go-logfmt/logfmt	v0.6.1	cli/go.sum
dependency	go	github.com/google/go-cmp	v0.7.0	cli/go.sum
dependency	go	github.com/hashicorp/golang-lru/v2	v2.0.7	cli/go.sum
dependency	go	github.com/hexops/gotextdiff	v1.0.3	cli/go.sum
dependency	go	github.com/inconshreveable/mousetrap	v1.1.0	cli/go.sum
dependency	go	github.com/lucasb-eyer/go-colorful	v1.3.0	cli/go.sum
dependency	go	github.com/mattn/go-isatty	v0.0.20	cli/go.sum
dependency	go	github.com/mattn/go-runewidth	v0.0.21	cli/go.sum
dependency	go	github.com/muesli/cancelreader	v0.2.2	cli/go.sum
dependency	go	github.com/muesli/termenv	v0.16.0	cli/go.sum
dependency	go	github.com/pmezard/go-difflib	v1.0.0	cli/go.sum
dependency	go	github.com/rivo/uniseg	v0.4.7	cli/go.sum
dependency	go	github.com/russross/blackfriday/v2	v2.1.0	cli/go.sum
dependency	go	github.com/sirupsen/logrus	v1.9.4	cli/go.sum
dependency	go	github.com/spf13/cobra	v1.10.2	cli/go.sum
dependency	go	github.com/spf13/pflag	v1.0.9	cli/go.sum
dependency	go	github.com/spf13/pflag	v1.0.10	cli/go.sum
dependency	go	github.com/stretchr/testify	v1.11.1	cli/go.sum
dependency	go	github.com/xo/terminfo	v0.0.0-20220910002029-abceb7e1c41e	cli/go.sum
dependency	go	github.com/yuin/goldmark	v1.8.2	cli/go.sum
dependency	go	go.yaml.in/yaml/v3	v3.0.4	cli/go.sum
dependency	go	golang.org/x/crypto	v0.53.0	cli/go.sum
dependency	go	golang.org/x/exp	v0.0.0-20260312153236-7ab1446f8b90	cli/go.sum
dependency	go	golang.org/x/sync	v0.21.0	cli/go.sum
dependency	go	golang.org/x/sys	v0.6.0	cli/go.sum
dependency	go	golang.org/x/sys	v0.46.0	cli/go.sum
dependency	go	golang.org/x/term	v0.44.0	cli/go.sum
dependency	go	golang.org/x/text	v0.39.0	cli/go.sum
dependency	go	golang.org/x/time	v0.15.0	cli/go.sum
dependency	go	gopkg.in/check.v1	v0.0.0-20161208181325-20d25e280405	cli/go.sum
dependency	go	gopkg.in/yaml.v3	v3.0.1	cli/go.sum
dependency	go	dario.cat/mergo	v1.0.0	terraform-provider-onyx/go.sum
dependency	go	github.com/Microsoft/go-winio	v0.6.2	terraform-provider-onyx/go.sum
dependency	go	github.com/ProtonMail/go-crypto	v1.4.1	terraform-provider-onyx/go.sum
dependency	go	github.com/agext/levenshtein	v1.2.3	terraform-provider-onyx/go.sum
dependency	go	github.com/apparentlymart/go-textseg/v12	v12.0.0	terraform-provider-onyx/go.sum
dependency	go	github.com/apparentlymart/go-textseg/v15	v15.0.0	terraform-provider-onyx/go.sum
dependency	go	github.com/bufbuild/protocompile	v0.14.1	terraform-provider-onyx/go.sum
dependency	go	github.com/cespare/xxhash/v2	v2.3.0	terraform-provider-onyx/go.sum
dependency	go	github.com/cloudflare/circl	v1.6.3	terraform-provider-onyx/go.sum
dependency	go	github.com/cyphar/filepath-securejoin	v0.4.1	terraform-provider-onyx/go.sum
dependency	go	github.com/davecgh/go-spew	v1.1.0	terraform-provider-onyx/go.sum
dependency	go	github.com/davecgh/go-spew	v1.1.1	terraform-provider-onyx/go.sum
dependency	go	github.com/davecgh/go-spew	v1.1.2-0.20180830191138-d8f796af33cc	terraform-provider-onyx/go.sum
dependency	go	github.com/emirpasic/gods	v1.18.1	terraform-provider-onyx/go.sum
dependency	go	github.com/fatih/color	v1.13.0	terraform-provider-onyx/go.sum
dependency	go	github.com/fatih/color	v1.18.0	terraform-provider-onyx/go.sum
dependency	go	github.com/go-git/gcfg	v1.5.1-0.20230307220236-3a3c6141e376	terraform-provider-onyx/go.sum
dependency	go	github.com/go-git/go-billy/v5	v5.8.0	terraform-provider-onyx/go.sum
dependency	go	github.com/go-git/go-git/v5	v5.18.0	terraform-provider-onyx/go.sum
dependency	go	github.com/go-logr/logr	v1.4.3	terraform-provider-onyx/go.sum
dependency	go	github.com/go-logr/stdr	v1.2.2	terraform-provider-onyx/go.sum
dependency	go	github.com/go-test/deep	v1.0.3	terraform-provider-onyx/go.sum
dependency	go	github.com/golang/groupcache	v0.0.0-20241129210726-2c02b8208cf8	terraform-provider-onyx/go.sum
dependency	go	github.com/golang/protobuf	v1.1.0	terraform-provider-onyx/go.sum
dependency	go	github.com/golang/protobuf	v1.5.0	terraform-provider-onyx/go.sum
dependency	go	github.com/golang/protobuf	v1.5.2	terraform-provider-onyx/go.sum
dependency	go	github.com/golang/protobuf	v1.5.4	terraform-provider-onyx/go.sum
dependency	go	github.com/google/go-cmp	v0.3.1	terraform-provider-onyx/go.sum
dependency	go	github.com/google/go-cmp	v0.5.5	terraform-provider-onyx/go.sum
dependency	go	github.com/google/go-cmp	v0.7.0	terraform-provider-onyx/go.sum
dependency	go	github.com/google/uuid	v1.6.0	terraform-provider-onyx/go.sum
dependency	go	github.com/hashicorp/errwrap	v1.0.0	terraform-provider-onyx/go.sum
dependency	go	github.com/hashicorp/errwrap	v1.1.0	terraform-provider-onyx/go.sum
dependency	go	github.com/hashicorp/go-checkpoint	v0.5.0	terraform-provider-onyx/go.sum
dependency	go	github.com/hashicorp/go-cleanhttp	v0.5.0	terraform-provider-onyx/go.sum
dependency	go	github.com/hashicorp/go-cleanhttp	v0.5.2	terraform-provider-onyx/go.sum
dependency	go	github.com/hashicorp/go-cty	v1.5.0	terraform-provider-onyx/go.sum
dependency	go	github.com/hashicorp/go-hclog	v1.6.3	terraform-provider-onyx/go.sum
dependency	go	github.com/hashicorp/go-multierror	v1.1.1	terraform-provider-onyx/go.sum
dependency	go	github.com/hashicorp/go-plugin	v1.7.0	terraform-provider-onyx/go.sum
dependency	go	github.com/hashicorp/go-retryablehttp	v0.7.8	terraform-provider-onyx/go.sum
dependency	go	github.com/hashicorp/go-uuid	v1.0.0	terraform-provider-onyx/go.sum
dependency	go	github.com/hashicorp/go-uuid	v1.0.3	terraform-provider-onyx/go.sum
dependency	go	github.com/hashicorp/go-version	v1.9.0	terraform-provider-onyx/go.sum
dependency	go	github.com/hashicorp/hc-install	v0.9.4	terraform-provider-onyx/go.sum
dependency	go	github.com/hashicorp/hcl/v2	v2.24.0	terraform-provider-onyx/go.sum
dependency	go	github.com/hashicorp/logutils	v1.0.0	terraform-provider-onyx/go.sum
dependency	go	github.com/hashicorp/terraform-exec	v0.25.1	terraform-provider-onyx/go.sum
dependency	go	github.com/hashicorp/terraform-json	v0.27.2	terraform-provider-onyx/go.sum
dependency	go	github.com/hashicorp/terraform-plugin-framework	v1.19.0	terraform-provider-onyx/go.sum
dependency	go	github.com/hashicorp/terraform-plugin-framework-jsontypes	v0.2.0	terraform-provider-onyx/go.sum
dependency	go	github.com/hashicorp/terraform-plugin-framework-timeouts	v0.7.0	terraform-provider-onyx/go.sum
dependency	go	github.com/hashicorp/terraform-plugin-framework-validators	v0.19.0	terraform-provider-onyx/go.sum
dependency	go	github.com/hashicorp/terraform-plugin-go	v0.31.0	terraform-provider-onyx/go.sum
dependency	go	github.com/hashicorp/terraform-plugin-log	v0.10.0	terraform-provider-onyx/go.sum
dependency	go	github.com/hashicorp/terraform-plugin-sdk/v2	v2.40.0	terraform-provider-onyx/go.sum
dependency	go	github.com/hashicorp/terraform-plugin-testing	v1.16.0	terraform-provider-onyx/go.sum
dependency	go	github.com/hashicorp/terraform-registry-address	v0.4.0	terraform-provider-onyx/go.sum
dependency	go	github.com/hashicorp/terraform-svchost	v0.2.1	terraform-provider-onyx/go.sum
dependency	go	github.com/hashicorp/yamux	v0.1.2	terraform-provider-onyx/go.sum
dependency	go	github.com/jbenet/go-context	v0.0.0-20150711004518-d14ea06fba99	terraform-provider-onyx/go.sum
dependency	go	github.com/jhump/protoreflect	v1.17.0	terraform-provider-onyx/go.sum
dependency	go	github.com/kevinburke/ssh_config	v1.2.0	terraform-provider-onyx/go.sum
dependency	go	github.com/kr/pretty	v0.1.0	terraform-provider-onyx/go.sum
dependency	go	github.com/kr/pretty	v0.3.1	terraform-provider-onyx/go.sum
dependency	go	github.com/kr/pty	v1.1.1	terraform-provider-onyx/go.sum
dependency	go	github.com/kr/text	v0.1.0	terraform-provider-onyx/go.sum
dependency	go	github.com/mattn/go-colorable	v0.1.9	terraform-provider-onyx/go.sum
dependency	go	github.com/mattn/go-colorable	v0.1.12	terraform-provider-onyx/go.sum
dependency	go	github.com/mattn/go-colorable	v0.1.14	terraform-provider-onyx/go.sum
dependency	go	github.com/mattn/go-isatty	v0.0.12	terraform-provider-onyx/go.sum
dependency	go	github.com/mattn/go-isatty	v0.0.14	terraform-provider-onyx/go.sum
dependency	go	github.com/mattn/go-isatty	v0.0.20	terraform-provider-onyx/go.sum
dependency	go	github.com/mitchellh/copystructure	v1.2.0	terraform-provider-onyx/go.sum
dependency	go	github.com/mitchellh/go-testing-interface	v1.14.1	terraform-provider-onyx/go.sum
dependency	go	github.com/mitchellh/go-wordwrap	v1.0.1	terraform-provider-onyx/go.sum
dependency	go	github.com/mitchellh/mapstructure	v1.5.0	terraform-provider-onyx/go.sum
dependency	go	github.com/mitchellh/reflectwalk	v1.0.2	terraform-provider-onyx/go.sum
dependency	go	github.com/oklog/run	v1.2.0	terraform-provider-onyx/go.sum
dependency	go	github.com/pjbgf/sha1cd	v0.3.2	terraform-provider-onyx/go.sum
dependency	go	github.com/pmezard/go-difflib	v1.0.0	terraform-provider-onyx/go.sum
dependency	go	github.com/pmezard/go-difflib	v1.0.1-0.20181226105442-5d4384ee4fb2	terraform-provider-onyx/go.sum
dependency	go	github.com/rogpeppe/go-internal	v1.14.1	terraform-provider-onyx/go.sum
dependency	go	github.com/sergi/go-diff	v1.3.2-0.20230802210424-5b0b94c5c0d3	terraform-provider-onyx/go.sum
dependency	go	github.com/skeema/knownhosts	v1.3.1	terraform-provider-onyx/go.sum
dependency	go	github.com/stretchr/objx	v0.1.0	terraform-provider-onyx/go.sum
dependency	go	github.com/stretchr/testify	v1.7.2	terraform-provider-onyx/go.sum
dependency	go	github.com/stretchr/testify	v1.10.0	terraform-provider-onyx/go.sum
dependency	go	github.com/vmihailenco/msgpack	v3.3.3+incompatible	terraform-provider-onyx/go.sum
dependency	go	github.com/vmihailenco/msgpack	v4.0.4+incompatible	terraform-provider-onyx/go.sum
dependency	go	github.com/vmihailenco/msgpack/v5	v5.4.1	terraform-provider-onyx/go.sum
dependency	go	github.com/vmihailenco/tagparser/v2	v2.0.0	terraform-provider-onyx/go.sum
dependency	go	github.com/xanzy/ssh-agent	v0.3.3	terraform-provider-onyx/go.sum
dependency	go	github.com/yuin/goldmark	v1.4.13	terraform-provider-onyx/go.sum
dependency	go	github.com/zclconf/go-cty	v1.18.1	terraform-provider-onyx/go.sum
dependency	go	github.com/zclconf/go-cty-debug	v0.0.0-20240509010212-0d6042c53940	terraform-provider-onyx/go.sum
dependency	go	go.opentelemetry.io/auto/sdk	v1.2.1	terraform-provider-onyx/go.sum
dependency	go	go.opentelemetry.io/otel	v1.44.0	terraform-provider-onyx/go.sum
dependency	go	go.opentelemetry.io/otel/metric	v1.44.0	terraform-provider-onyx/go.sum
dependency	go	go.opentelemetry.io/otel/sdk	v1.44.0	terraform-provider-onyx/go.sum
dependency	go	go.opentelemetry.io/otel/sdk/metric	v1.44.0	terraform-provider-onyx/go.sum
dependency	go	go.opentelemetry.io/otel/trace	v1.44.0	terraform-provider-onyx/go.sum
dependency	go	golang.org/x/crypto	v0.0.0-20190308221718-c2843e01d9a2	terraform-provider-onyx/go.sum
dependency	go	golang.org/x/crypto	v0.0.0-20210921155107-089bfa567519	terraform-provider-onyx/go.sum
dependency	go	golang.org/x/crypto	v0.55.0	terraform-provider-onyx/go.sum
dependency	go	golang.org/x/mod	v0.6.0-dev.0.20220419223038-86c51ed26bb4	terraform-provider-onyx/go.sum
dependency	go	golang.org/x/mod	v0.38.0	terraform-provider-onyx/go.sum
dependency	go	golang.org/x/net	v0.0.0-20190404232315-eb5bcb51f2a3	terraform-provider-onyx/go.sum
dependency	go	golang.org/x/net	v0.0.0-20190620200207-3b0461eec859	terraform-provider-onyx/go.sum
dependency	go	golang.org/x/net	v0.0.0-20210226172049-e18ecbb05110	terraform-provider-onyx/go.sum
dependency	go	golang.org/x/net	v0.0.0-20220722155237-a158d28d115b	terraform-provider-onyx/go.sum
dependency	go	golang.org/x/net	v0.58.0	terraform-provider-onyx/go.sum
dependency	go	golang.org/x/sync	v0.0.0-20180314180146-1d60e4601c6f	terraform-provider-onyx/go.sum
dependency	go	golang.org/x/sync	v0.0.0-20190423024810-112230192c58	terraform-provider-onyx/go.sum
dependency	go	golang.org/x/sync	v0.0.0-20220722155255-886fb9371eb4	terraform-provider-onyx/go.sum
dependency	go	golang.org/x/sync	v0.22.0	terraform-provider-onyx/go.sum
dependency	go	golang.org/x/sys	v0.0.0-20190215142949-d0b11bdaac8a	terraform-provider-onyx/go.sum
dependency	go	golang.org/x/sys	v0.0.0-20200116001909-b77594299b42	terraform-provider-onyx/go.sum
dependency	go	golang.org/x/sys	v0.0.0-20200223170610-d5e6a3e2c0ae	terraform-provider-onyx/go.sum
dependency	go	golang.org/x/sys	v0.0.0-20201119102817-f84b799fce68	terraform-provider-onyx/go.sum
dependency	go	golang.org/x/sys	v0.0.0-20210615035016-665e8c7367d1	terraform-provider-onyx/go.sum
dependency	go	golang.org/x/sys	v0.0.0-20210630005230-0f9fa26af87c	terraform-provider-onyx/go.sum
dependency	go	golang.org/x/sys	v0.0.0-20210927094055-39ccf1dd6fa6	terraform-provider-onyx/go.sum
dependency	go	golang.org/x/sys	v0.0.0-20220503163025-988cb79eb6c6	terraform-provider-onyx/go.sum
dependency	go	golang.org/x/sys	v0.0.0-20220520151302-bc2c85ada10a	terraform-provider-onyx/go.sum
dependency	go	golang.org/x/sys	v0.0.0-20220722155257-8c9f86f7a55f	terraform-provider-onyx/go.sum
dependency	go	golang.org/x/sys	v0.6.0	terraform-provider-onyx/go.sum
dependency	go	golang.org/x/sys	v0.47.0	terraform-provider-onyx/go.sum
dependency	go	golang.org/x/term	v0.0.0-20201126162022-7de9c90e9dd1	terraform-provider-onyx/go.sum
dependency	go	golang.org/x/term	v0.0.0-20210927222741-03fcf44c2211	terraform-provider-onyx/go.sum
dependency	go	golang.org/x/term	v0.45.0	terraform-provider-onyx/go.sum
dependency	go	golang.org/x/text	v0.3.0	terraform-provider-onyx/go.sum
dependency	go	golang.org/x/text	v0.3.3	terraform-provider-onyx/go.sum
dependency	go	golang.org/x/text	v0.3.7	terraform-provider-onyx/go.sum
dependency	go	golang.org/x/text	v0.3.8	terraform-provider-onyx/go.sum
dependency	go	golang.org/x/text	v0.41.0	terraform-provider-onyx/go.sum
dependency	go	golang.org/x/tools	v0.0.0-20180917221912-90fa682c2a6e	terraform-provider-onyx/go.sum
dependency	go	golang.org/x/tools	v0.0.0-20191119224855-298f0cb1881e	terraform-provider-onyx/go.sum
dependency	go	golang.org/x/tools	v0.1.12	terraform-provider-onyx/go.sum
dependency	go	golang.org/x/tools	v0.48.0	terraform-provider-onyx/go.sum
dependency	go	golang.org/x/xerrors	v0.0.0-20190717185122-a985d3407aa7	terraform-provider-onyx/go.sum
dependency	go	golang.org/x/xerrors	v0.0.0-20191204190536-9bdfabe68543	terraform-provider-onyx/go.sum
dependency	go	gonum.org/v1/gonum	v0.17.0	terraform-provider-onyx/go.sum
dependency	go	google.golang.org/appengine	v1.1.0	terraform-provider-onyx/go.sum
dependency	go	google.golang.org/appengine	v1.6.8	terraform-provider-onyx/go.sum
dependency	go	google.golang.org/genproto/googleapis/rpc	v0.0.0-20260526163538-3dc84a4a5aaa	terraform-provider-onyx/go.sum
dependency	go	google.golang.org/grpc	v1.83.2	terraform-provider-onyx/go.sum
dependency	go	google.golang.org/protobuf	v1.26.0-rc.1	terraform-provider-onyx/go.sum
dependency	go	google.golang.org/protobuf	v1.26.0	terraform-provider-onyx/go.sum
dependency	go	google.golang.org/protobuf	v1.36.11	terraform-provider-onyx/go.sum
dependency	go	gopkg.in/check.v1	v0.0.0-20161208181325-20d25e280405	terraform-provider-onyx/go.sum
dependency	go	gopkg.in/check.v1	v1.0.0-20180628173108-788fd7840127	terraform-provider-onyx/go.sum
dependency	go	gopkg.in/check.v1	v1.0.0-20201130134442-10cb98267c6c	terraform-provider-onyx/go.sum
dependency	go	gopkg.in/warnings.v0	v0.1.2	terraform-provider-onyx/go.sum
dependency	go	gopkg.in/yaml.v3	v3.0.1	terraform-provider-onyx/go.sum
dependency	go	bitbucket.org/creachadair/stringset	v0.0.14	tools/ods/go.sum
dependency	go	cloud.google.com/go/compute/metadata	v0.9.0	tools/ods/go.sum
dependency	go	cyphar.com/go-pathrs	v0.2.4	tools/ods/go.sum
dependency	go	dario.cat/mergo	v1.0.2	tools/ods/go.sum
dependency	go	deps.dev/api/v3	v3.0.0-20260422013440-90c27f84dd6f	tools/ods/go.sum
dependency	go	deps.dev/api/v3alpha	v0.0.0-20260422013440-90c27f84dd6f	tools/ods/go.sum
dependency	go	deps.dev/util/maven	v0.0.0-20260528042559-b92437de09fd	tools/ods/go.sum
dependency	go	deps.dev/util/pypi	v0.0.0-20260422013440-90c27f84dd6f	tools/ods/go.sum
dependency	go	deps.dev/util/resolve	v0.0.0-20260422013440-90c27f84dd6f	tools/ods/go.sum
dependency	go	deps.dev/util/semver	v0.0.0-20260529052642-cf1e78d92744	tools/ods/go.sum
dependency	go	github.com/Azure/go-ansiterm	v0.0.0-20250102033503-faa5f7b0171c	tools/ods/go.sum
dependency	go	github.com/BurntSushi/toml	v1.6.0	tools/ods/go.sum
dependency	go	github.com/CycloneDX/cyclonedx-go	v0.11.0	tools/ods/go.sum
dependency	go	github.com/GehirnInc/crypt	v0.0.0-20230320061759-8cc1b52080c5	tools/ods/go.sum
dependency	go	github.com/Microsoft/go-winio	v0.5.2	tools/ods/go.sum
dependency	go	github.com/Microsoft/go-winio	v0.6.2	tools/ods/go.sum
dependency	go	github.com/Microsoft/hcsshim	v0.14.1	tools/ods/go.sum
dependency	go	github.com/ProtonMail/go-crypto	v1.3.0	tools/ods/go.sum
dependency	go	github.com/aead/serpent	v0.0.0-20160714141033-fba169763ea6	tools/ods/go.sum
dependency	go	github.com/agext/levenshtein	v1.2.3	tools/ods/go.sum
dependency	go	github.com/alecthomas/assert	v1.0.0	tools/ods/go.sum
dependency	go	github.com/alecthomas/colour	v0.1.0	tools/ods/go.sum
dependency	go	github.com/alecthomas/repr	v0.1.1	tools/ods/go.sum
dependency	go	github.com/anchore/go-lzo	v0.1.0	tools/ods/go.sum
dependency	go	github.com/anchore/go-struct-converter	v0.1.0	tools/ods/go.sum
dependency	go	github.com/anmitsu/go-shlex	v0.0.0-20200514113438-38f4b401e2be	tools/ods/go.sum
dependency	go	github.com/apparentlymart/go-textseg/v15	v15.0.0	tools/ods/go.sum
dependency	go	github.com/armon/go-socks5	v0.0.0-20160902184237-e75332964ef5	tools/ods/go.sum
dependency	go	github.com/ayoubfaouzi/pkcs7	v0.2.3	tools/ods/go.sum
dependency	go	github.com/bazelbuild/buildtools	v0.0.0-20260319080235-05d2ebe49b0f	tools/ods/go.sum
dependency	go	github.com/bradleyjkemp/cupaloy/v2	v2.8.0	tools/ods/go.sum
dependency	go	github.com/canonical/chisel-manifest	v1.2.0	tools/ods/go.sum
dependency	go	github.com/cenkalti/backoff/v5	v5.0.3	tools/ods/go.sum
dependency	go	github.com/cespare/xxhash/v2	v2.3.0	tools/ods/go.sum
dependency	go	github.com/charlievieth/fastwalk	v1.0.14	tools/ods/go.sum
dependency	go	github.com/clipperhouse/uax29/v2	v2.7.0	tools/ods/go.sum
dependency	go	github.com/cloudflare/circl	v1.6.3	tools/ods/go.sum
dependency	go	github.com/compose-spec/compose-go/v2	v2.10.2	tools/ods/go.sum
dependency	go	github.com/containerd/cgroups/v3	v3.1.3	tools/ods/go.sum
dependency	go	github.com/containerd/containerd/api	v1.10.0	tools/ods/go.sum
dependency	go	github.com/containerd/containerd/v2	v2.2.4	tools/ods/go.sum
dependency	go	github.com/containerd/continuity	v0.5.0	tools/ods/go.sum
dependency	go	github.com/containerd/errdefs	v1.0.0	tools/ods/go.sum
dependency	go	github.com/containerd/errdefs/pkg	v0.3.0	tools/ods/go.sum
dependency	go	github.com/containerd/fifo	v1.1.0	tools/ods/go.sum
dependency	go	github.com/containerd/log	v0.1.0	tools/ods/go.sum
dependency	go	github.com/containerd/platforms	v1.0.0-rc.4	tools/ods/go.sum
dependency	go	github.com/containerd/plugin	v1.0.0	tools/ods/go.sum
dependency	go	github.com/containerd/ttrpc	v1.2.8	tools/ods/go.sum
dependency	go	github.com/containerd/typeurl/v2	v2.3.0	tools/ods/go.sum
dependency	go	github.com/cpuguy83/go-md2man/v2	v2.0.6	tools/ods/go.sum
dependency	go	github.com/cyphar/filepath-securejoin	v0.6.1	tools/ods/go.sum
dependency	go	github.com/davecgh/go-spew	v1.1.0	tools/ods/go.sum
dependency	go	github.com/davecgh/go-spew	v1.1.1	tools/ods/go.sum
dependency	go	github.com/davecgh/go-spew	v1.1.2-0.20180830191138-d8f796af33cc	tools/ods/go.sum
dependency	go	github.com/deitch/magic	v0.0.0-20240306090643-c67ab88f10cb	tools/ods/go.sum
dependency	go	github.com/diskfs/go-diskfs	v1.7.0	tools/ods/go.sum
dependency	go	github.com/distribution/reference	v0.6.0	tools/ods/go.sum
dependency	go	github.com/djherbis/times	v1.6.0	tools/ods/go.sum
dependency	go	github.com/dlclark/regexp2	v1.11.5	tools/ods/go.sum
dependency	go	github.com/docker/cli	v29.5.3+incompatible	tools/ods/go.sum
dependency	go	github.com/docker/docker	v28.5.2+incompatible	tools/ods/go.sum
dependency	go	github.com/docker/docker-credential-helpers	v0.9.8	tools/ods/go.sum
dependency	go	github.com/docker/go-connections	v0.7.0	tools/ods/go.sum
dependency	go	github.com/docker/go-units	v0.5.0	tools/ods/go.sum
dependency	go	github.com/dsoprea/go-exfat	v0.0.0-20190906070738-5e932fbdb589	tools/ods/go.sum
dependency	go	github.com/dsoprea/go-logging	v0.0.0-20190624164917-c4f10aab7696	tools/ods/go.sum
dependency	go	github.com/dsoprea/go-logging	v0.0.0-20200710184922-b02d349568dd	tools/ods/go.sum
dependency	go	github.com/dustin/go-humanize	v1.0.0	tools/ods/go.sum
dependency	go	github.com/dustin/go-humanize	v1.0.1	tools/ods/go.sum
dependency	go	github.com/edsrzf/mmap-go	v1.1.0	tools/ods/go.sum
dependency	go	github.com/edsrzf/mmap-go	v1.2.0	tools/ods/go.sum
dependency	go	github.com/elazarl/goproxy	v1.7.2	tools/ods/go.sum
dependency	go	github.com/elliotwutingfeng/asciiset	v0.0.0-20260129054604-cfde2086bc57	tools/ods/go.sum
dependency	go	github.com/emirpasic/gods	v1.18.1	tools/ods/go.sum
dependency	go	github.com/erikvarga/go-rpmdb	v0.0.0-20250523120114-a15a62cd4593	tools/ods/go.sum
dependency	go	github.com/felixge/httpsnoop	v1.0.4	tools/ods/go.sum
dependency	go	github.com/gdamore/encoding	v1.0.1	tools/ods/go.sum
dependency	go	github.com/gdamore/tcell/v2	v2.13.8	tools/ods/go.sum
dependency	go	github.com/gkampitakis/ciinfo	v0.3.4	tools/ods/go.sum
dependency	go	github.com/gkampitakis/go-snaps	v0.5.22	tools/ods/go.sum
dependency	go	github.com/glebarez/go-sqlite	v1.20.3	tools/ods/go.sum
dependency	go	github.com/gliderlabs/ssh	v0.3.8	tools/ods/go.sum
dependency	go	github.com/go-errors/errors	v1.0.1	tools/ods/go.sum
dependency	go	github.com/go-errors/errors	v1.0.2	tools/ods/go.sum
dependency	go	github.com/go-errors/errors	v1.5.1	tools/ods/go.sum
dependency	go	github.com/go-git/gcfg	v1.5.1-0.20230307220236-3a3c6141e376	tools/ods/go.sum
dependency	go	github.com/go-git/go-billy/v5	v5.9.0	tools/ods/go.sum
dependency	go	github.com/go-git/go-git-fixtures/v4	v4.3.2-0.20231010084843-55a94097c399	tools/ods/go.sum
dependency	go	github.com/go-git/go-git/v5	v5.19.2	tools/ods/go.sum
dependency	go	github.com/go-logr/logr	v1.2.2	tools/ods/go.sum
dependency	go	github.com/go-logr/logr	v1.4.3	tools/ods/go.sum
dependency	go	github.com/go-logr/stdr	v1.2.2	tools/ods/go.sum
dependency	go	github.com/go-ole/go-ole	v1.2.6	tools/ods/go.sum
dependency	go	github.com/go-ole/go-ole	v1.3.0	tools/ods/go.sum
dependency	go	github.com/go-restruct/restruct	v0.0.0-20190418070341-acd4e4c2cb35	tools/ods/go.sum
dependency	go	github.com/go-restruct/restruct	v1.2.0-alpha	tools/ods/go.sum
dependency	go	github.com/go-test/deep	v1.0.8	tools/ods/go.sum
dependency	go	github.com/go-viper/mapstructure/v2	v2.5.0	tools/ods/go.sum
dependency	go	github.com/gobwas/glob	v0.2.3	tools/ods/go.sum
dependency	go	github.com/goccy/go-yaml	v1.19.2	tools/ods/go.sum
dependency	go	github.com/gohugoio/hashstructure	v0.6.0	tools/ods/go.sum
dependency	go	github.com/golang/groupcache	v0.0.0-20241129210726-2c02b8208cf8	tools/ods/go.sum
dependency	go	github.com/golang/protobuf	v1.5.4	tools/ods/go.sum
dependency	go	github.com/google/go-cmp	v0.6.0	tools/ods/go.sum
dependency	go	github.com/google/go-cmp	v0.7.0	tools/ods/go.sum
dependency	go	github.com/google/go-containerregistry	v0.21.6	tools/ods/go.sum
dependency	go	github.com/google/go-cpy	v0.0.0-20211218193943-a9c933c06932	tools/ods/go.sum
dependency	go	github.com/google/osv-scalibr	v0.4.6-0.20260612031204-164402d9140e	tools/ods/go.sum
dependency	go	github.com/google/osv-scanner/v2	v2.4.0	tools/ods/go.sum
dependency	go	github.com/google/pprof	v0.0.0-20260402051712-545e8a4df936	tools/ods/go.sum
dependency	go	github.com/google/uuid	v1.6.0	tools/ods/go.sum
dependency	go	github.com/grpc-ecosystem/grpc-gateway/v2	v2.29.0	tools/ods/go.sum
dependency	go	github.com/hashicorp/golang-lru/v2	v2.0.7	tools/ods/go.sum
dependency	go	github.com/hashicorp/hcl/v2	v2.24.0	tools/ods/go.sum
dependency	go	github.com/ianlancetaylor/demangle	v0.0.0-20260505044615-1ff4bf46051f	tools/ods/go.sum
dependency	go	github.com/icholy/digest	v1.1.0	tools/ods/go.sum
dependency	go	github.com/inconshreveable/mousetrap	v1.1.0	tools/ods/go.sum
dependency	go	github.com/jbenet/go-context	v0.0.0-20150711004518-d14ea06fba99	tools/ods/go.sum
dependency	go	github.com/jedib0t/go-pretty/v6	v6.7.10	tools/ods/go.sum
dependency	go	github.com/jessevdk/go-flags	v1.4.0	tools/ods/go.sum
dependency	go	github.com/jmelahman/tag	v0.5.2	tools/ods/go.sum
dependency	go	github.com/kevinburke/ssh_config	v1.2.0	tools/ods/go.sum
dependency	go	github.com/klauspost/compress	v1.18.6	tools/ods/go.sum
dependency	go	github.com/klauspost/cpuid/v2	v2.3.0	tools/ods/go.sum
dependency	go	github.com/kr/pretty	v0.1.0	tools/ods/go.sum
dependency	go	github.com/kr/pretty	v0.3.1	tools/ods/go.sum
dependency	go	github.com/kr/pty	v1.1.1	tools/ods/go.sum
dependency	go	github.com/kr/text	v0.1.0	tools/ods/go.sum
dependency	go	github.com/kr/text	v0.2.0	tools/ods/go.sum
dependency	go	github.com/lucasb-eyer/go-colorful	v1.4.0	tools/ods/go.sum
dependency	go	github.com/lunixbochs/struc	v0.0.0-20241101090106-8d528fa2c543	tools/ods/go.sum
dependency	go	github.com/maruel/natural	v1.3.0	tools/ods/go.sum
dependency	go	github.com/masahiro331/go-ext4-filesystem	v0.0.0-20260423010602-fe51f5b5e52b	tools/ods/go.sum
dependency	go	github.com/mattn/go-isatty	v0.0.22	tools/ods/go.sum
dependency	go	github.com/mattn/go-runewidth	v0.0.23	tools/ods/go.sum
dependency	go	github.com/mattn/go-shellwords	v1.0.13	tools/ods/go.sum
dependency	go	github.com/micromdm/plist	v0.2.2	tools/ods/go.sum
dependency	go	github.com/mitchellh/go-wordwrap	v1.0.1	tools/ods/go.sum
dependency	go	github.com/moby/buildkit	v0.31.1	tools/ods/go.sum
dependency	go	github.com/moby/docker-image-spec	v1.3.1	tools/ods/go.sum
dependency	go	github.com/moby/locker	v1.0.1	tools/ods/go.sum
dependency	go	github.com/moby/sys/atomicwriter	v0.1.0	tools/ods/go.sum
dependency	go	github.com/moby/sys/mountinfo	v0.7.2	tools/ods/go.sum
dependency	go	github.com/moby/sys/sequential	v0.7.0	tools/ods/go.sum
dependency	go	github.com/moby/sys/signal	v0.7.1	tools/ods/go.sum
dependency	go	github.com/moby/sys/user	v0.4.0	tools/ods/go.sum
dependency	go	github.com/moby/sys/userns	v0.1.0	tools/ods/go.sum
dependency	go	github.com/moby/term	v0.5.2	tools/ods/go.sum
dependency	go	github.com/mohae/deepcopy	v0.0.0-20170929034955-c48cc78d4826	tools/ods/go.sum
dependency	go	github.com/morikuni/aec	v1.1.0	tools/ods/go.sum
dependency	go	github.com/ncruces/go-strftime	v1.0.0	tools/ods/go.sum
dependency	go	github.com/onsi/gomega	v1.34.1	tools/ods/go.sum
dependency	go	github.com/opencontainers/go-digest	v1.0.0	tools/ods/go.sum
dependency	go	github.com/opencontainers/image-spec	v1.1.1	tools/ods/go.sum
dependency	go	github.com/opencontainers/runtime-spec	v1.3.0	tools/ods/go.sum
dependency	go	github.com/opencontainers/selinux	v1.15.1	tools/ods/go.sum
dependency	go	github.com/ossf/osv-schema/bindings/go	v0.0.0-20260424063704-83285ce2a866	tools/ods/go.sum
dependency	go	github.com/owenrumney/go-sarif/v3	v3.3.0	tools/ods/go.sum
dependency	go	github.com/package-url/packageurl-go	v0.1.6	tools/ods/go.sum
dependency	go	github.com/pandatix/go-cvss	v0.6.2	tools/ods/go.sum
dependency	go	github.com/pierrec/lz4/v4	v4.1.26	tools/ods/go.sum
dependency	go	github.com/pjbgf/sha1cd	v0.6.0	tools/ods/go.sum
dependency	go	github.com/pkg/errors	v0.8.1	tools/ods/go.sum
dependency	go	github.com/pkg/errors	v0.9.1	tools/ods/go.sum
dependency	go	github.com/pkg/xattr	v0.4.12	tools/ods/go.sum
dependency	go	github.com/planetscale/vtprotobuf	v0.6.1-0.20240319094008-0393e58bdf10	tools/ods/go.sum
dependency	go	github.com/pmezard/go-difflib	v1.0.0	tools/ods/go.sum
dependency	go	github.com/remyoudompheng/bigfft	v0.0.0-20230129092748-24d4a6f8daec	tools/ods/go.sum
dependency	go	github.com/rivo/uniseg	v0.4.7	tools/ods/go.sum
dependency	go	github.com/rogpeppe/go-internal	v1.14.1	tools/ods/go.sum
dependency	go	github.com/russross/blackfriday/v2	v2.1.0	tools/ods/go.sum
dependency	go	github.com/rust-secure-code/go-rustaudit	v0.0.0-20250226111315-e20ec32e963c	tools/ods/go.sum
dependency	go	github.com/saferwall/pe	v1.6.4	tools/ods/go.sum
dependency	go	github.com/santhosh-tekuri/jsonschema/v6	v6.0.2	tools/ods/go.sum
dependency	go	github.com/sebdah/goldie	v1.0.0	tools/ods/go.sum
dependency	go	github.com/sergi/go-diff	v1.4.0	tools/ods/go.sum
dependency	go	github.com/shirou/gopsutil	v3.21.11+incompatible	tools/ods/go.sum
dependency	go	github.com/sirupsen/logrus	v1.7.0	tools/ods/go.sum
dependency	go	github.com/sirupsen/logrus	v1.9.4	tools/ods/go.sum
dependency	go	github.com/skeema/knownhosts	v1.3.1	tools/ods/go.sum
dependency	go	github.com/spdx/gordf	v0.0.0-20250128162952-000978ccd6fb	tools/ods/go.sum
dependency	go	github.com/spdx/tools-golang	v0.5.7	tools/ods/go.sum
dependency	go	github.com/spf13/cobra	v1.10.2	tools/ods/go.sum
dependency	go	github.com/spf13/pflag	v1.0.9	tools/ods/go.sum
dependency	go	github.com/spf13/pflag	v1.0.10	tools/ods/go.sum
dependency	go	github.com/stretchr/objx	v0.1.0	tools/ods/go.sum
dependency	go	github.com/stretchr/objx	v0.4.0	tools/ods/go.sum
dependency	go	github.com/stretchr/objx	v0.5.0	tools/ods/go.sum
dependency	go	github.com/stretchr/objx	v0.5.2	tools/ods/go.sum
dependency	go	github.com/stretchr/testify	v1.2.2	tools/ods/go.sum
dependency	go	github.com/stretchr/testify	v1.3.0	tools/ods/go.sum
dependency	go	github.com/stretchr/testify	v1.4.0	tools/ods/go.sum
dependency	go	github.com/stretchr/testify	v1.7.1	tools/ods/go.sum
dependency	go	github.com/stretchr/testify	v1.8.0	tools/ods/go.sum
dependency	go	github.com/stretchr/testify	v1.8.4	tools/ods/go.sum
dependency	go	github.com/stretchr/testify	v1.11.1	tools/ods/go.sum
dependency	go	github.com/terminalstatic/go-xsd-validate	v0.1.6	tools/ods/go.sum
dependency	go	github.com/thoas/go-funk	v0.9.3	tools/ods/go.sum
dependency	go	github.com/tidwall/gjson	v1.19.0	tools/ods/go.sum
dependency	go	github.com/tidwall/jsonc	v0.3.3	tools/ods/go.sum
dependency	go	github.com/tidwall/match	v1.2.0	tools/ods/go.sum
dependency	go	github.com/tidwall/pretty	v1.2.1	tools/ods/go.sum
dependency	go	github.com/tidwall/sjson	v1.2.5	tools/ods/go.sum
dependency	go	github.com/tink-crypto/tink-go/v2	v2.6.0	tools/ods/go.sum
dependency	go	github.com/tklauser/go-sysconf	v0.3.16	tools/ods/go.sum
dependency	go	github.com/tklauser/numcpus	v0.11.0	tools/ods/go.sum
dependency	go	github.com/tonistiigi/go-csvvalue	v0.0.0-20240814133006-030d3b2625d0	tools/ods/go.sum
dependency	go	github.com/ulikunitz/xz	v0.5.15	tools/ods/go.sum
dependency	go	github.com/xanzy/ssh-agent	v0.3.3	tools/ods/go.sum
dependency	go	github.com/xeipuuv/gojsonpointer	v0.0.0-20180127040702-4e3ac2762d5f	tools/ods/go.sum
dependency	go	github.com/xeipuuv/gojsonpointer	v0.0.0-20190905194746-02993c407bfb	tools/ods/go.sum
dependency	go	github.com/xeipuuv/gojsonreference	v0.0.0-20180127040603-bd5ef7bd5415	tools/ods/go.sum
dependency	go	github.com/xeipuuv/gojsonschema	v1.2.0	tools/ods/go.sum
dependency	go	github.com/xhit/go-str2duration/v2	v2.1.0	tools/ods/go.sum
dependency	go	github.com/yuin/goldmark	v1.4.13	tools/ods/go.sum
dependency	go	github.com/yusufpapurcu/wmi	v1.2.4	tools/ods/go.sum
dependency	go	github.com/zclconf/go-cty	v1.16.3	tools/ods/go.sum
dependency	go	github.com/zclconf/go-cty-debug	v0.0.0-20240509010212-0d6042c53940	tools/ods/go.sum
dependency	go	go.etcd.io/bbolt	v1.4.3	tools/ods/go.sum
dependency	go	go.opencensus.io	v0.24.0	tools/ods/go.sum
dependency	go	go.opentelemetry.io/auto/sdk	v1.2.1	tools/ods/go.sum
dependency	go	go.opentelemetry.io/contrib/instrumentation/net/http/otelhttp	v0.69.0	tools/ods/go.sum
dependency	go	go.opentelemetry.io/otel	v1.44.0	tools/ods/go.sum
dependency	go	go.opentelemetry.io/otel/exporters/otlp/otlptrace	v1.44.0	tools/ods/go.sum
dependency	go	go.opentelemetry.io/otel/exporters/otlp/otlptrace/otlptracehttp	v1.44.0	tools/ods/go.sum
dependency	go	go.opentelemetry.io/otel/metric	v1.44.0	tools/ods/go.sum
dependency	go	go.opentelemetry.io/otel/sdk	v1.44.0	tools/ods/go.sum
dependency	go	go.opentelemetry.io/otel/sdk/metric	v1.44.0	tools/ods/go.sum
dependency	go	go.opentelemetry.io/otel/trace	v1.44.0	tools/ods/go.sum
dependency	go	go.opentelemetry.io/proto/otlp	v1.10.0	tools/ods/go.sum
dependency	go	go.uber.org/goleak	v1.3.0	tools/ods/go.sum
dependency	go	go.uber.org/multierr	v1.11.0	tools/ods/go.sum
dependency	go	go.uber.org/zap	v1.28.0	tools/ods/go.sum
dependency	go	go.yaml.in/yaml/v2	v2.4.4	tools/ods/go.sum
dependency	go	go.yaml.in/yaml/v3	v3.0.4	tools/ods/go.sum
dependency	go	go.yaml.in/yaml/v4	v4.0.0-rc.4	tools/ods/go.sum
dependency	go	golang.org/x/crypto	v0.0.0-20190308221718-c2843e01d9a2	tools/ods/go.sum
dependency	go	golang.org/x/crypto	v0.0.0-20210921155107-089bfa567519	tools/ods/go.sum
dependency	go	golang.org/x/crypto	v0.0.0-20220622213112-05595931fe9d	tools/ods/go.sum
dependency	go	golang.org/x/crypto	v0.13.0	tools/ods/go.sum
dependency	go	golang.org/x/crypto	v0.19.0	tools/ods/go.sum
dependency	go	golang.org/x/crypto	v0.23.0	tools/ods/go.sum
dependency	go	golang.org/x/crypto	v0.33.0	tools/ods/go.sum
dependency	go	golang.org/x/crypto	v0.55.0	tools/ods/go.sum
dependency	go	golang.org/x/exp	v0.0.0-20260603202125-055de637280b	tools/ods/go.sum
dependency	go	golang.org/x/mod	v0.6.0-dev.0.20220419223038-86c51ed26bb4	tools/ods/go.sum
dependency	go	golang.org/x/mod	v0.8.0	tools/ods/go.sum
dependency	go	golang.org/x/mod	v0.12.0	tools/ods/go.sum
dependency	go	golang.org/x/mod	v0.15.0	tools/ods/go.sum
dependency	go	golang.org/x/mod	v0.17.0	tools/ods/go.sum
dependency	go	golang.org/x/mod	v0.38.0	tools/ods/go.sum
dependency	go	golang.org/x/net	v0.0.0-20190620200207-3b0461eec859	tools/ods/go.sum
dependency	go	golang.org/x/net	v0.0.0-20190827160401-ba9fcec4b297	tools/ods/go.sum
dependency	go	golang.org/x/net	v0.0.0-20200501053045-e0ff5e5a1de5	tools/ods/go.sum
dependency	go	golang.org/x/net	v0.0.0-20210226172049-e18ecbb05110	tools/ods/go.sum
dependency	go	golang.org/x/net	v0.0.0-20211112202133-69e39bad7dc2	tools/ods/go.sum
dependency	go	golang.org/x/net	v0.0.0-20220722155237-a158d28d115b	tools/ods/go.sum
dependency	go	golang.org/x/net	v0.6.0	tools/ods/go.sum
dependency	go	golang.org/x/net	v0.10.0	tools/ods/go.sum
dependency	go	golang.org/x/net	v0.15.0	tools/ods/go.sum
dependency	go	golang.org/x/net	v0.21.0	tools/ods/go.sum
dependency	go	golang.org/x/net	v0.25.0	tools/ods/go.sum
dependency	go	golang.org/x/net	v0.58.0	tools/ods/go.sum
dependency	go	golang.org/x/oauth2	v0.36.0	tools/ods/go.sum
dependency	go	golang.org/x/sync	v0.0.0-20190423024810-112230192c58	tools/ods/go.sum
dependency	go	golang.org/x/sync	v0.0.0-20220722155255-886fb9371eb4	tools/ods/go.sum
dependency	go	golang.org/x/sync	v0.1.0	tools/ods/go.sum
dependency	go	golang.org/x/sync	v0.3.0	tools/ods/go.sum
dependency	go	golang.org/x/sync	v0.6.0	tools/ods/go.sum
dependency	go	golang.org/x/sync	v0.7.0	tools/ods/go.sum
dependency	go	golang.org/x/sync	v0.11.0	tools/ods/go.sum
dependency	go	golang.org/x/sync	v0.22.0	tools/ods/go.sum
dependency	go	golang.org/x/sys	v0.0.0-20190215142949-d0b11bdaac8a	tools/ods/go.sum
dependency	go	golang.org/x/sys	v0.0.0-20190916202348-b4ddaad3f8a3	tools/ods/go.sum
dependency	go	golang.org/x/sys	v0.0.0-20191026070338-33540a1f6037	tools/ods/go.sum
dependency	go	golang.org/x/sys	v0.0.0-20200323222414-85ca7c5b95cd	tools/ods/go.sum
dependency	go	golang.org/x/sys	v0.0.0-20201119102817-f84b799fce68	tools/ods/go.sum
dependency	go	golang.org/x/sys	v0.0.0-20210124154548-22da62e12c0c	tools/ods/go.sum
dependency	go	golang.org/x/sys	v0.0.0-20210423082822-04245dca01da	tools/ods/go.sum
dependency	go	golang.org/x/sys	v0.0.0-20210615035016-665e8c7367d1	tools/ods/go.sum
dependency	go	golang.org/x/sys	v0.0.0-20211216021012-1d35b9e2eb4e	tools/ods/go.sum
dependency	go	golang.org/x/sys	v0.0.0-20220408201424-a24fb2fb8a0f	tools/ods/go.sum
dependency	go	golang.org/x/sys	v0.0.0-20220520151302-bc2c85ada10a	tools/ods/go.sum
dependency	go	golang.org/x/sys	v0.0.0-20220615213510-4f61da869c0c	tools/ods/go.sum
dependency	go	golang.org/x/sys	v0.0.0-20220715151400-c0bba94af5f8	tools/ods/go.sum
dependency	go	golang.org/x/sys	v0.0.0-20220722155257-8c9f86f7a55f	tools/ods/go.sum
dependency	go	golang.org/x/sys	v0.1.0	tools/ods/go.sum
dependency	go	golang.org/x/sys	v0.5.0	tools/ods/go.sum
dependency	go	golang.org/x/sys	v0.8.0	tools/ods/go.sum
dependency	go	golang.org/x/sys	v0.12.0	tools/ods/go.sum
dependency	go	golang.org/x/sys	v0.17.0	tools/ods/go.sum
dependency	go	golang.org/x/sys	v0.20.0	tools/ods/go.sum
dependency	go	golang.org/x/sys	v0.30.0	tools/ods/go.sum
dependency	go	golang.org/x/sys	v0.47.0	tools/ods/go.sum
dependency	go	golang.org/x/telemetry	v0.0.0-20240228155512-f48c80bd79b2	tools/ods/go.sum
dependency	go	golang.org/x/telemetry	v0.0.0-20260708182218-49f421fb7959	tools/ods/go.sum
dependency	go	golang.org/x/term	v0.0.0-20201126162022-7de9c90e9dd1	tools/ods/go.sum
dependency	go	golang.org/x/term	v0.0.0-20210927222741-03fcf44c2211	tools/ods/go.sum
dependency	go	golang.org/x/term	v0.5.0	tools/ods/go.sum
dependency	go	golang.org/x/term	v0.8.0	tools/ods/go.sum
dependency	go	golang.org/x/term	v0.12.0	tools/ods/go.sum
dependency	go	golang.org/x/term	v0.17.0	tools/ods/go.sum
dependency	go	golang.org/x/term	v0.20.0	tools/ods/go.sum
dependency	go	golang.org/x/term	v0.29.0	tools/ods/go.sum
dependency	go	golang.org/x/term	v0.45.0	tools/ods/go.sum
dependency	go	golang.org/x/text	v0.3.0	tools/ods/go.sum
dependency	go	golang.org/x/text	v0.3.3	tools/ods/go.sum
dependency	go	golang.org/x/text	v0.3.6	tools/ods/go.sum
dependency	go	golang.org/x/text	v0.3.7	tools/ods/go.sum
dependency	go	golang.org/x/text	v0.7.0	tools/ods/go.sum
dependency	go	golang.org/x/text	v0.9.0	tools/ods/go.sum
dependency	go	golang.org/x/text	v0.13.0	tools/ods/go.sum
dependency	go	golang.org/x/text	v0.14.0	tools/ods/go.sum
dependency	go	golang.org/x/text	v0.15.0	tools/ods/go.sum
dependency	go	golang.org/x/text	v0.22.0	tools/ods/go.sum
dependency	go	golang.org/x/text	v0.41.0	tools/ods/go.sum
dependency	go	golang.org/x/time	v0.15.0	tools/ods/go.sum
dependency	go	golang.org/x/tools	v0.0.0-20180917221912-90fa682c2a6e	tools/ods/go.sum
dependency	go	golang.org/x/tools	v0.0.0-20191119224855-298f0cb1881e	tools/ods/go.sum
dependency	go	golang.org/x/tools	v0.1.12	tools/ods/go.sum
dependency	go	golang.org/x/tools	v0.6.0	tools/ods/go.sum
dependency	go	golang.org/x/tools	v0.13.0	tools/ods/go.sum
dependency	go	golang.org/x/tools	v0.21.1-0.20240508182429-e35e4ccd0d2d	tools/ods/go.sum
dependency	go	golang.org/x/tools	v0.48.0	tools/ods/go.sum
dependency	go	golang.org/x/tools/go/expect	v0.1.1-deprecated	tools/ods/go.sum
dependency	go	golang.org/x/tools/go/packages/packagestest	v0.1.1-deprecated	tools/ods/go.sum
dependency	go	golang.org/x/vuln	v1.3.0	tools/ods/go.sum
dependency	go	golang.org/x/xerrors	v0.0.0-20190717185122-a985d3407aa7	tools/ods/go.sum
dependency	go	golang.org/x/xerrors	v0.0.0-20240903120638-7835f813f4da	tools/ods/go.sum
dependency	go	gonum.org/v1/gonum	v0.17.0	tools/ods/go.sum
dependency	go	google.golang.org/genproto/googleapis/api	v0.0.0-20260526163538-3dc84a4a5aaa	tools/ods/go.sum
dependency	go	google.golang.org/genproto/googleapis/rpc	v0.0.0-20260526163538-3dc84a4a5aaa	tools/ods/go.sum
dependency	go	google.golang.org/grpc	v1.83.2	tools/ods/go.sum
dependency	go	google.golang.org/protobuf	v1.36.11	tools/ods/go.sum
dependency	go	gopkg.in/check.v1	v0.0.0-20161208181325-20d25e280405	tools/ods/go.sum
dependency	go	gopkg.in/check.v1	v1.0.0-20190902080502-41f04d3bba15	tools/ods/go.sum
dependency	go	gopkg.in/check.v1	v1.0.0-20201130134442-10cb98267c6c	tools/ods/go.sum
dependency	go	gopkg.in/ini.v1	v1.67.2	tools/ods/go.sum
dependency	go	gopkg.in/warnings.v0	v0.1.2	tools/ods/go.sum
dependency	go	gopkg.in/yaml.v2	v2.2.2	tools/ods/go.sum
dependency	go	gopkg.in/yaml.v2	v2.4.0	tools/ods/go.sum
dependency	go	gopkg.in/yaml.v3	v3.0.0-20200313102051-9f266ea9e77c	tools/ods/go.sum
dependency	go	gopkg.in/yaml.v3	v3.0.1	tools/ods/go.sum
dependency	go	gotest.tools/v3	v3.5.1	tools/ods/go.sum
dependency	go	modernc.org/cc/v4	v4.28.2	tools/ods/go.sum
dependency	go	modernc.org/ccgo/v4	v4.34.0	tools/ods/go.sum
dependency	go	modernc.org/fileutil	v1.4.0	tools/ods/go.sum
dependency	go	modernc.org/gc/v2	v2.6.5	tools/ods/go.sum
dependency	go	modernc.org/gc/v3	v3.1.2	tools/ods/go.sum
dependency	go	modernc.org/goabi0	v0.2.0	tools/ods/go.sum
dependency	go	modernc.org/libc	v1.72.3	tools/ods/go.sum
dependency	go	modernc.org/mathutil	v1.7.1	tools/ods/go.sum
dependency	go	modernc.org/memory	v1.11.0	tools/ods/go.sum
dependency	go	modernc.org/opt	v0.2.0	tools/ods/go.sum
dependency	go	modernc.org/sortutil	v1.2.1	tools/ods/go.sum
dependency	go	modernc.org/sqlite	v1.50.1	tools/ods/go.sum
dependency	go	modernc.org/strutil	v1.2.1	tools/ods/go.sum
dependency	go	modernc.org/token	v1.1.0	tools/ods/go.sum
dependency	go	osv.dev/bindings/go	v0.0.0-20260512064147-daa692bbd4ed	tools/ods/go.sum
dependency	go	sigs.k8s.io/yaml	v1.6.0	tools/ods/go.sum
dependency	go	www.velocidex.com/golang/go-ntfs	v0.2.0	tools/ods/go.sum
dependency	go	www.velocidex.com/golang/regparser	v0.0.0-20250203141505-31e704a67ef7	tools/ods/go.sum
dependency	rust	adler2	2.0.1	desktop/src-tauri/Cargo.lock
dependency	rust	aho-corasick	1.1.4	desktop/src-tauri/Cargo.lock
dependency	rust	alloc-no-stdlib	2.0.4	desktop/src-tauri/Cargo.lock
dependency	rust	alloc-stdlib	0.2.2	desktop/src-tauri/Cargo.lock
dependency	rust	android_system_properties	0.1.5	desktop/src-tauri/Cargo.lock
dependency	rust	anstream	1.0.0	desktop/src-tauri/Cargo.lock
dependency	rust	anstyle	1.0.14	desktop/src-tauri/Cargo.lock
dependency	rust	anstyle-parse	1.0.0	desktop/src-tauri/Cargo.lock
dependency	rust	anstyle-query	1.1.5	desktop/src-tauri/Cargo.lock
dependency	rust	anstyle-wincon	3.0.11	desktop/src-tauri/Cargo.lock
dependency	rust	anyhow	1.0.102	desktop/src-tauri/Cargo.lock
dependency	rust	atk	0.18.2	desktop/src-tauri/Cargo.lock
dependency	rust	atk-sys	0.18.2	desktop/src-tauri/Cargo.lock
dependency	rust	atomic-waker	1.1.2	desktop/src-tauri/Cargo.lock
dependency	rust	autocfg	1.5.0	desktop/src-tauri/Cargo.lock
dependency	rust	aws-lc-rs	1.16.2	desktop/src-tauri/Cargo.lock
dependency	rust	aws-lc-sys	0.39.1	desktop/src-tauri/Cargo.lock
dependency	rust	base64	0.21.7	desktop/src-tauri/Cargo.lock
dependency	rust	base64	0.22.1	desktop/src-tauri/Cargo.lock
dependency	rust	bit-set	0.8.0	desktop/src-tauri/Cargo.lock
dependency	rust	bit-vec	0.8.0	desktop/src-tauri/Cargo.lock
dependency	rust	bitflags	1.3.2	desktop/src-tauri/Cargo.lock
dependency	rust	bitflags	2.11.0	desktop/src-tauri/Cargo.lock
dependency	rust	block-buffer	0.10.4	desktop/src-tauri/Cargo.lock
dependency	rust	block2	0.6.2	desktop/src-tauri/Cargo.lock
dependency	rust	brotli	8.0.2	desktop/src-tauri/Cargo.lock
dependency	rust	brotli-decompressor	5.0.0	desktop/src-tauri/Cargo.lock
dependency	rust	bs58	0.5.1	desktop/src-tauri/Cargo.lock
dependency	rust	bumpalo	3.20.2	desktop/src-tauri/Cargo.lock
dependency	rust	bytemuck	1.25.0	desktop/src-tauri/Cargo.lock
dependency	rust	byteorder	1.5.0	desktop/src-tauri/Cargo.lock
dependency	rust	byteorder-lite	0.1.0	desktop/src-tauri/Cargo.lock
dependency	rust	bytes	1.11.1	desktop/src-tauri/Cargo.lock
dependency	rust	cairo-rs	0.18.5	desktop/src-tauri/Cargo.lock
dependency	rust	cairo-sys-rs	0.18.2	desktop/src-tauri/Cargo.lock
dependency	rust	camino	1.2.2	desktop/src-tauri/Cargo.lock
dependency	rust	cargo-platform	0.1.9	desktop/src-tauri/Cargo.lock
dependency	rust	cargo_metadata	0.19.2	desktop/src-tauri/Cargo.lock
dependency	rust	cargo_toml	0.22.3	desktop/src-tauri/Cargo.lock
dependency	rust	cc	1.2.56	desktop/src-tauri/Cargo.lock
dependency	rust	cesu8	1.1.0	desktop/src-tauri/Cargo.lock
dependency	rust	cfb	0.7.3	desktop/src-tauri/Cargo.lock
dependency	rust	cfg-expr	0.15.8	desktop/src-tauri/Cargo.lock
dependency	rust	cfg-if	1.0.4	desktop/src-tauri/Cargo.lock
dependency	rust	cfg_aliases	0.2.1	desktop/src-tauri/Cargo.lock
dependency	rust	chacha20	0.10.1	desktop/src-tauri/Cargo.lock
dependency	rust	chrono	0.4.44	desktop/src-tauri/Cargo.lock
dependency	rust	clap	4.6.3	desktop/src-tauri/Cargo.lock
dependency	rust	clap_builder	4.6.2	desktop/src-tauri/Cargo.lock
dependency	rust	clap_derive	4.6.3	desktop/src-tauri/Cargo.lock
dependency	rust	clap_lex	1.1.0	desktop/src-tauri/Cargo.lock
dependency	rust	cmake	0.1.58	desktop/src-tauri/Cargo.lock
dependency	rust	colorchoice	1.0.5	desktop/src-tauri/Cargo.lock
dependency	rust	combine	4.6.7	desktop/src-tauri/Cargo.lock
dependency	rust	convert_case	0.4.0	desktop/src-tauri/Cargo.lock
dependency	rust	cookie	0.18.1	desktop/src-tauri/Cargo.lock
dependency	rust	core-foundation	0.10.1	desktop/src-tauri/Cargo.lock
dependency	rust	core-foundation-sys	0.8.7	desktop/src-tauri/Cargo.lock
dependency	rust	core-graphics	0.25.0	desktop/src-tauri/Cargo.lock
dependency	rust	core-graphics-types	0.2.0	desktop/src-tauri/Cargo.lock
dependency	rust	cpufeatures	0.2.17	desktop/src-tauri/Cargo.lock
dependency	rust	cpufeatures	0.3.0	desktop/src-tauri/Cargo.lock
dependency	rust	crc32fast	1.5.0	desktop/src-tauri/Cargo.lock
dependency	rust	crossbeam-channel	0.5.15	desktop/src-tauri/Cargo.lock
dependency	rust	crossbeam-utils	0.8.21	desktop/src-tauri/Cargo.lock
dependency	rust	crypto-common	0.1.7	desktop/src-tauri/Cargo.lock
dependency	rust	cssparser	0.29.6	desktop/src-tauri/Cargo.lock
dependency	rust	cssparser	0.36.0	desktop/src-tauri/Cargo.lock
dependency	rust	cssparser-macros	0.6.1	desktop/src-tauri/Cargo.lock
dependency	rust	ctor	0.8.0	desktop/src-tauri/Cargo.lock
dependency	rust	ctor-proc-macro	0.0.7	desktop/src-tauri/Cargo.lock
dependency	rust	darling	0.23.0	desktop/src-tauri/Cargo.lock
dependency	rust	darling_core	0.23.0	desktop/src-tauri/Cargo.lock
dependency	rust	darling_macro	0.23.0	desktop/src-tauri/Cargo.lock
dependency	rust	dbus	0.9.11	desktop/src-tauri/Cargo.lock
dependency	rust	deranged	0.5.8	desktop/src-tauri/Cargo.lock
dependency	rust	derive_more	0.99.20	desktop/src-tauri/Cargo.lock
dependency	rust	derive_more	2.1.1	desktop/src-tauri/Cargo.lock
dependency	rust	derive_more-impl	2.1.1	desktop/src-tauri/Cargo.lock
dependency	rust	digest	0.10.7	desktop/src-tauri/Cargo.lock
dependency	rust	directories	5.0.1	desktop/src-tauri/Cargo.lock
dependency	rust	dirs	6.0.0	desktop/src-tauri/Cargo.lock
dependency	rust	dirs-sys	0.4.1	desktop/src-tauri/Cargo.lock
dependency	rust	dirs-sys	0.5.0	desktop/src-tauri/Cargo.lock
dependency	rust	dispatch2	0.3.1	desktop/src-tauri/Cargo.lock
dependency	rust	displaydoc	0.2.5	desktop/src-tauri/Cargo.lock
dependency	rust	dlopen2	0.8.2	desktop/src-tauri/Cargo.lock
dependency	rust	dlopen2_derive	0.4.3	desktop/src-tauri/Cargo.lock
dependency	rust	dom_query	0.27.0	desktop/src-tauri/Cargo.lock
dependency	rust	dpi	0.1.2	desktop/src-tauri/Cargo.lock
dependency	rust	dtoa	1.0.11	desktop/src-tauri/Cargo.lock
dependency	rust	dtoa-short	0.3.5	desktop/src-tauri/Cargo.lock
dependency	rust	dtor	0.3.0	desktop/src-tauri/Cargo.lock
dependency	rust	dtor-proc-macro	0.0.6	desktop/src-tauri/Cargo.lock
dependency	rust	dunce	1.0.5	desktop/src-tauri/Cargo.lock
dependency	rust	dyn-clone	1.0.20	desktop/src-tauri/Cargo.lock
dependency	rust	embed-resource	3.0.6	desktop/src-tauri/Cargo.lock
dependency	rust	embed_plist	1.2.2	desktop/src-tauri/Cargo.lock
dependency	rust	encoding_rs	0.8.35	desktop/src-tauri/Cargo.lock
dependency	rust	equivalent	1.0.2	desktop/src-tauri/Cargo.lock
dependency	rust	erased-serde	0.4.10	desktop/src-tauri/Cargo.lock
dependency	rust	errno	0.3.14	desktop/src-tauri/Cargo.lock
dependency	rust	fastrand	2.4.1	desktop/src-tauri/Cargo.lock
dependency	rust	fdeflate	0.3.7	desktop/src-tauri/Cargo.lock
dependency	rust	field-offset	0.3.6	desktop/src-tauri/Cargo.lock
dependency	rust	find-msvc-tools	0.1.9	desktop/src-tauri/Cargo.lock
dependency	rust	flate2	1.1.9	desktop/src-tauri/Cargo.lock
dependency	rust	fnv	1.0.7	desktop/src-tauri/Cargo.lock
dependency	rust	foldhash	0.1.5	desktop/src-tauri/Cargo.lock
dependency	rust	foldhash	0.2.0	desktop/src-tauri/Cargo.lock
dependency	rust	foreign-types	0.5.0	desktop/src-tauri/Cargo.lock
dependency	rust	foreign-types-macros	0.2.3	desktop/src-tauri/Cargo.lock
dependency	rust	foreign-types-shared	0.3.1	desktop/src-tauri/Cargo.lock
dependency	rust	form_urlencoded	1.2.2	desktop/src-tauri/Cargo.lock
dependency	rust	fs_extra	1.3.0	desktop/src-tauri/Cargo.lock
dependency	rust	futf	0.1.5	desktop/src-tauri/Cargo.lock
dependency	rust	futures-channel	0.3.32	desktop/src-tauri/Cargo.lock
dependency	rust	futures-core	0.3.32	desktop/src-tauri/Cargo.lock
dependency	rust	futures-executor	0.3.32	desktop/src-tauri/Cargo.lock
dependency	rust	futures-io	0.3.32	desktop/src-tauri/Cargo.lock
dependency	rust	futures-macro	0.3.32	desktop/src-tauri/Cargo.lock
dependency	rust	futures-sink	0.3.32	desktop/src-tauri/Cargo.lock
dependency	rust	futures-task	0.3.32	desktop/src-tauri/Cargo.lock
dependency	rust	futures-util	0.3.32	desktop/src-tauri/Cargo.lock
dependency	rust	fxhash	0.2.1	desktop/src-tauri/Cargo.lock
dependency	rust	gdk	0.18.2	desktop/src-tauri/Cargo.lock
dependency	rust	gdk-pixbuf	0.18.5	desktop/src-tauri/Cargo.lock
dependency	rust	gdk-pixbuf-sys	0.18.0	desktop/src-tauri/Cargo.lock
dependency	rust	gdk-sys	0.18.2	desktop/src-tauri/Cargo.lock
dependency	rust	gdkwayland-sys	0.18.2	desktop/src-tauri/Cargo.lock
dependency	rust	gdkx11	0.18.2	desktop/src-tauri/Cargo.lock
dependency	rust	gdkx11-sys	0.18.2	desktop/src-tauri/Cargo.lock
dependency	rust	generic-array	0.14.7	desktop/src-tauri/Cargo.lock
dependency	rust	gethostname	1.1.0	desktop/src-tauri/Cargo.lock
dependency	rust	getrandom	0.1.16	desktop/src-tauri/Cargo.lock
dependency	rust	getrandom	0.2.17	desktop/src-tauri/Cargo.lock
dependency	rust	getrandom	0.3.4	desktop/src-tauri/Cargo.lock
dependency	rust	getrandom	0.4.2	desktop/src-tauri/Cargo.lock
dependency	rust	gio	0.18.4	desktop/src-tauri/Cargo.lock
dependency	rust	gio-sys	0.18.1	desktop/src-tauri/Cargo.lock
dependency	rust	glib	0.18.5	desktop/src-tauri/Cargo.lock
dependency	rust	glib-macros	0.18.5	desktop/src-tauri/Cargo.lock
dependency	rust	glib-sys	0.18.1	desktop/src-tauri/Cargo.lock
dependency	rust	glob	0.3.3	desktop/src-tauri/Cargo.lock
dependency	rust	global-hotkey	0.8.0	desktop/src-tauri/Cargo.lock
dependency	rust	gobject-sys	0.18.0	desktop/src-tauri/Cargo.lock
dependency	rust	gtk	0.18.2	desktop/src-tauri/Cargo.lock
dependency	rust	gtk-sys	0.18.2	desktop/src-tauri/Cargo.lock
dependency	rust	gtk3-macros	0.18.2	desktop/src-tauri/Cargo.lock
dependency	rust	hashbrown	0.12.3	desktop/src-tauri/Cargo.lock
dependency	rust	hashbrown	0.15.5	desktop/src-tauri/Cargo.lock
dependency	rust	hashbrown	0.16.1	desktop/src-tauri/Cargo.lock
dependency	rust	heck	0.4.1	desktop/src-tauri/Cargo.lock
dependency	rust	heck	0.5.0	desktop/src-tauri/Cargo.lock
dependency	rust	hex	0.4.3	desktop/src-tauri/Cargo.lock
dependency	rust	html5ever	0.29.1	desktop/src-tauri/Cargo.lock
dependency	rust	html5ever	0.38.0	desktop/src-tauri/Cargo.lock
dependency	rust	http	1.4.0	desktop/src-tauri/Cargo.lock
dependency	rust	http-body	1.0.1	desktop/src-tauri/Cargo.lock
dependency	rust	http-body-util	0.1.3	desktop/src-tauri/Cargo.lock
dependency	rust	httparse	1.10.1	desktop/src-tauri/Cargo.lock
dependency	rust	hyper	1.8.1	desktop/src-tauri/Cargo.lock
dependency	rust	hyper-rustls	0.27.7	desktop/src-tauri/Cargo.lock
dependency	rust	hyper-util	0.1.20	desktop/src-tauri/Cargo.lock
dependency	rust	iana-time-zone	0.1.65	desktop/src-tauri/Cargo.lock
dependency	rust	iana-time-zone-haiku	0.1.2	desktop/src-tauri/Cargo.lock
dependency	rust	ico	0.5.0	desktop/src-tauri/Cargo.lock
dependency	rust	icu_collections	2.1.1	desktop/src-tauri/Cargo.lock
dependency	rust	icu_locale_core	2.1.1	desktop/src-tauri/Cargo.lock
dependency	rust	icu_normalizer	2.1.1	desktop/src-tauri/Cargo.lock
dependency	rust	icu_normalizer_data	2.1.1	desktop/src-tauri/Cargo.lock
dependency	rust	icu_properties	2.1.2	desktop/src-tauri/Cargo.lock
dependency	rust	icu_properties_data	2.1.2	desktop/src-tauri/Cargo.lock
dependency	rust	icu_provider	2.1.1	desktop/src-tauri/Cargo.lock
dependency	rust	id-arena	2.3.0	desktop/src-tauri/Cargo.lock
dependency	rust	ident_case	1.0.1	desktop/src-tauri/Cargo.lock
dependency	rust	idna	1.1.0	desktop/src-tauri/Cargo.lock
dependency	rust	idna_adapter	1.2.1	desktop/src-tauri/Cargo.lock
dependency	rust	image	0.25.9	desktop/src-tauri/Cargo.lock
dependency	rust	indexmap	1.9.3	desktop/src-tauri/Cargo.lock
dependency	rust	indexmap	2.13.0	desktop/src-tauri/Cargo.lock
dependency	rust	infer	0.19.0	desktop/src-tauri/Cargo.lock
dependency	rust	ipnet	2.12.0	desktop/src-tauri/Cargo.lock
dependency	rust	iri-string	0.7.10	desktop/src-tauri/Cargo.lock
dependency	rust	is-docker	0.2.0	desktop/src-tauri/Cargo.lock
dependency	rust	is-wsl	0.4.0	desktop/src-tauri/Cargo.lock
dependency	rust	is_terminal_polyfill	1.70.2	desktop/src-tauri/Cargo.lock
dependency	rust	itoa	1.0.17	desktop/src-tauri/Cargo.lock
dependency	rust	javascriptcore-rs	1.1.2	desktop/src-tauri/Cargo.lock
dependency	rust	javascriptcore-rs-sys	1.1.1	desktop/src-tauri/Cargo.lock
dependency	rust	jni	0.21.1	desktop/src-tauri/Cargo.lock
dependency	rust	jni-sys	0.3.0	desktop/src-tauri/Cargo.lock
dependency	rust	jobserver	0.1.34	desktop/src-tauri/Cargo.lock
dependency	rust	js-sys	0.3.91	desktop/src-tauri/Cargo.lock
dependency	rust	json-patch	3.0.1	desktop/src-tauri/Cargo.lock
dependency	rust	jsonptr	0.6.3	desktop/src-tauri/Cargo.lock
dependency	rust	keyboard-types	0.7.0	desktop/src-tauri/Cargo.lock
dependency	rust	kuchikiki	0.8.8-speedreader	desktop/src-tauri/Cargo.lock
dependency	rust	leb128fmt	0.1.0	desktop/src-tauri/Cargo.lock
dependency	rust	libappindicator	0.9.0	desktop/src-tauri/Cargo.lock
dependency	rust	libappindicator-sys	0.9.0	desktop/src-tauri/Cargo.lock
dependency	rust	libc	0.2.182	desktop/src-tauri/Cargo.lock
dependency	rust	libdbus-sys	0.2.7	desktop/src-tauri/Cargo.lock
dependency	rust	libloading	0.7.4	desktop/src-tauri/Cargo.lock
dependency	rust	libredox	0.1.14	desktop/src-tauri/Cargo.lock
dependency	rust	linux-raw-sys	0.12.1	desktop/src-tauri/Cargo.lock
dependency	rust	litemap	0.8.1	desktop/src-tauri/Cargo.lock
dependency	rust	lock_api	0.4.14	desktop/src-tauri/Cargo.lock
dependency	rust	log	0.4.29	desktop/src-tauri/Cargo.lock
dependency	rust	lru-slab	0.1.2	desktop/src-tauri/Cargo.lock
dependency	rust	mac	0.1.1	desktop/src-tauri/Cargo.lock
dependency	rust	markup5ever	0.14.1	desktop/src-tauri/Cargo.lock
dependency	rust	markup5ever	0.38.0	desktop/src-tauri/Cargo.lock
dependency	rust	match_token	0.1.0	desktop/src-tauri/Cargo.lock
dependency	rust	matches	0.1.10	desktop/src-tauri/Cargo.lock
dependency	rust	memchr	2.8.0	desktop/src-tauri/Cargo.lock
dependency	rust	memoffset	0.9.1	desktop/src-tauri/Cargo.lock
dependency	rust	mime	0.3.17	desktop/src-tauri/Cargo.lock
dependency	rust	miniz_oxide	0.8.9	desktop/src-tauri/Cargo.lock
dependency	rust	mio	1.1.1	desktop/src-tauri/Cargo.lock
dependency	rust	moxcms	0.7.11	desktop/src-tauri/Cargo.lock
dependency	rust	muda	0.19.1	desktop/src-tauri/Cargo.lock
dependency	rust	ndk	0.9.0	desktop/src-tauri/Cargo.lock
dependency	rust	ndk-sys	0.6.0+11769913	desktop/src-tauri/Cargo.lock
dependency	rust	new_debug_unreachable	1.0.6	desktop/src-tauri/Cargo.lock
dependency	rust	nodrop	0.1.14	desktop/src-tauri/Cargo.lock
dependency	rust	num-conv	0.2.0	desktop/src-tauri/Cargo.lock
dependency	rust	num-traits	0.2.19	desktop/src-tauri/Cargo.lock
dependency	rust	num_enum	0.7.5	desktop/src-tauri/Cargo.lock
dependency	rust	num_enum_derive	0.7.5	desktop/src-tauri/Cargo.lock
dependency	rust	objc2	0.6.4	desktop/src-tauri/Cargo.lock
dependency	rust	objc2-app-kit	0.3.2	desktop/src-tauri/Cargo.lock
dependency	rust	objc2-cloud-kit	0.3.2	desktop/src-tauri/Cargo.lock
dependency	rust	objc2-core-data	0.3.2	desktop/src-tauri/Cargo.lock
dependency	rust	objc2-core-foundation	0.3.2	desktop/src-tauri/Cargo.lock
dependency	rust	objc2-core-graphics	0.3.2	desktop/src-tauri/Cargo.lock
dependency	rust	objc2-core-image	0.3.2	desktop/src-tauri/Cargo.lock
dependency	rust	objc2-core-location	0.3.2	desktop/src-tauri/Cargo.lock
dependency	rust	objc2-core-text	0.3.2	desktop/src-tauri/Cargo.lock
dependency	rust	objc2-encode	4.1.0	desktop/src-tauri/Cargo.lock
dependency	rust	objc2-exception-helper	0.1.1	desktop/src-tauri/Cargo.lock
dependency	rust	objc2-foundation	0.3.2	desktop/src-tauri/Cargo.lock
dependency	rust	objc2-io-surface	0.3.2	desktop/src-tauri/Cargo.lock
dependency	rust	objc2-quartz-core	0.3.2	desktop/src-tauri/Cargo.lock
dependency	rust	objc2-ui-kit	0.3.2	desktop/src-tauri/Cargo.lock
dependency	rust	objc2-user-notifications	0.3.2	desktop/src-tauri/Cargo.lock
dependency	rust	objc2-web-kit	0.3.2	desktop/src-tauri/Cargo.lock
dependency	rust	once_cell	1.21.3	desktop/src-tauri/Cargo.lock
dependency	rust	once_cell_polyfill	1.70.2	desktop/src-tauri/Cargo.lock
dependency	rust	onyx	0.0.0-dev	desktop/src-tauri/Cargo.lock
dependency	rust	open	5.3.3	desktop/src-tauri/Cargo.lock
dependency	rust	openssl-probe	0.2.1	desktop/src-tauri/Cargo.lock
dependency	rust	option-ext	0.2.0	desktop/src-tauri/Cargo.lock
dependency	rust	os_pipe	1.2.3	desktop/src-tauri/Cargo.lock
dependency	rust	pango	0.18.3	desktop/src-tauri/Cargo.lock
dependency	rust	pango-sys	0.18.0	desktop/src-tauri/Cargo.lock
dependency	rust	parking_lot	0.12.5	desktop/src-tauri/Cargo.lock
dependency	rust	parking_lot_core	0.9.12	desktop/src-tauri/Cargo.lock
dependency	rust	pathdiff	0.2.3	desktop/src-tauri/Cargo.lock
dependency	rust	percent-encoding	2.3.2	desktop/src-tauri/Cargo.lock
dependency	rust	phf	0.8.0	desktop/src-tauri/Cargo.lock
dependency	rust	phf	0.10.1	desktop/src-tauri/Cargo.lock
dependency	rust	phf	0.11.3	desktop/src-tauri/Cargo.lock
dependency	rust	phf	0.13.1	desktop/src-tauri/Cargo.lock
dependency	rust	phf_codegen	0.8.0	desktop/src-tauri/Cargo.lock
dependency	rust	phf_codegen	0.11.3	desktop/src-tauri/Cargo.lock
dependency	rust	phf_codegen	0.13.1	desktop/src-tauri/Cargo.lock
dependency	rust	phf_generator	0.8.0	desktop/src-tauri/Cargo.lock
dependency	rust	phf_generator	0.10.0	desktop/src-tauri/Cargo.lock
dependency	rust	phf_generator	0.11.3	desktop/src-tauri/Cargo.lock
dependency	rust	phf_generator	0.13.1	desktop/src-tauri/Cargo.lock
dependency	rust	phf_macros	0.10.0	desktop/src-tauri/Cargo.lock
dependency	rust	phf_macros	0.13.1	desktop/src-tauri/Cargo.lock
dependency	rust	phf_shared	0.8.0	desktop/src-tauri/Cargo.lock
dependency	rust	phf_shared	0.10.0	desktop/src-tauri/Cargo.lock
dependency	rust	phf_shared	0.11.3	desktop/src-tauri/Cargo.lock
dependency	rust	phf_shared	0.13.1	desktop/src-tauri/Cargo.lock
dependency	rust	pin-project-lite	0.2.17	desktop/src-tauri/Cargo.lock
dependency	rust	pin-utils	0.1.0	desktop/src-tauri/Cargo.lock
dependency	rust	pkg-config	0.3.32	desktop/src-tauri/Cargo.lock
dependency	rust	plist	1.8.0	desktop/src-tauri/Cargo.lock
dependency	rust	png	0.17.16	desktop/src-tauri/Cargo.lock
dependency	rust	png	0.18.1	desktop/src-tauri/Cargo.lock
dependency	rust	potential_utf	0.1.4	desktop/src-tauri/Cargo.lock
dependency	rust	powerfmt	0.2.0	desktop/src-tauri/Cargo.lock
dependency	rust	ppv-lite86	0.2.21	desktop/src-tauri/Cargo.lock
dependency	rust	precomputed-hash	0.1.1	desktop/src-tauri/Cargo.lock
dependency	rust	prettyplease	0.2.37	desktop/src-tauri/Cargo.lock
dependency	rust	proc-macro-crate	1.3.1	desktop/src-tauri/Cargo.lock
dependency	rust	proc-macro-crate	2.0.2	desktop/src-tauri/Cargo.lock
dependency	rust	proc-macro-crate	3.5.0	desktop/src-tauri/Cargo.lock
dependency	rust	proc-macro-error	1.0.4	desktop/src-tauri/Cargo.lock
dependency	rust	proc-macro-error-attr	1.0.4	desktop/src-tauri/Cargo.lock
dependency	rust	proc-macro-hack	0.5.20+deprecated	desktop/src-tauri/Cargo.lock
dependency	rust	proc-macro2	1.0.106	desktop/src-tauri/Cargo.lock
dependency	rust	pxfm	0.1.28	desktop/src-tauri/Cargo.lock
dependency	rust	quick-xml	0.38.4	desktop/src-tauri/Cargo.lock
dependency	rust	quinn	0.11.9	desktop/src-tauri/Cargo.lock
dependency	rust	quinn-proto	0.11.16	desktop/src-tauri/Cargo.lock
dependency	rust	quinn-udp	0.5.14	desktop/src-tauri/Cargo.lock
dependency	rust	quote	1.0.45	desktop/src-tauri/Cargo.lock
dependency	rust	r-efi	5.3.0	desktop/src-tauri/Cargo.lock
dependency	rust	r-efi	6.0.0	desktop/src-tauri/Cargo.lock
dependency	rust	rand	0.7.3	desktop/src-tauri/Cargo.lock
dependency	rust	rand	0.8.5	desktop/src-tauri/Cargo.lock
dependency	rust	rand	0.10.2	desktop/src-tauri/Cargo.lock
dependency	rust	rand_chacha	0.2.2	desktop/src-tauri/Cargo.lock
dependency	rust	rand_chacha	0.3.1	desktop/src-tauri/Cargo.lock
dependency	rust	rand_core	0.5.1	desktop/src-tauri/Cargo.lock
dependency	rust	rand_core	0.6.4	desktop/src-tauri/Cargo.lock
dependency	rust	rand_core	0.10.1	desktop/src-tauri/Cargo.lock
dependency	rust	rand_hc	0.2.0	desktop/src-tauri/Cargo.lock
dependency	rust	rand_pcg	0.2.1	desktop/src-tauri/Cargo.lock
dependency	rust	rand_pcg	0.10.2	desktop/src-tauri/Cargo.lock
dependency	rust	raw-window-handle	0.6.2	desktop/src-tauri/Cargo.lock
dependency	rust	redox_syscall	0.5.18	desktop/src-tauri/Cargo.lock
dependency	rust	redox_users	0.4.6	desktop/src-tauri/Cargo.lock
dependency	rust	redox_users	0.5.2	desktop/src-tauri/Cargo.lock
dependency	rust	ref-cast	1.0.25	desktop/src-tauri/Cargo.lock
dependency	rust	ref-cast-impl	1.0.25	desktop/src-tauri/Cargo.lock
dependency	rust	regex	1.12.3	desktop/src-tauri/Cargo.lock
dependency	rust	regex-automata	0.4.14	desktop/src-tauri/Cargo.lock
dependency	rust	regex-syntax	0.8.10	desktop/src-tauri/Cargo.lock
dependency	rust	reqwest	0.13.2	desktop/src-tauri/Cargo.lock
dependency	rust	ring	0.17.14	desktop/src-tauri/Cargo.lock
dependency	rust	rustc-hash	2.1.2	desktop/src-tauri/Cargo.lock
dependency	rust	rustc_version	0.4.1	desktop/src-tauri/Cargo.lock
dependency	rust	rustix	1.1.4	desktop/src-tauri/Cargo.lock
dependency	rust	rustls	0.23.37	desktop/src-tauri/Cargo.lock
dependency	rust	rustls-native-certs	0.8.3	desktop/src-tauri/Cargo.lock
dependency	rust	rustls-pki-types	1.14.0	desktop/src-tauri/Cargo.lock
dependency	rust	rustls-platform-verifier	0.6.2	desktop/src-tauri/Cargo.lock
dependency	rust	rustls-platform-verifier-android	0.1.1	desktop/src-tauri/Cargo.lock
dependency	rust	rustls-webpki	0.103.13	desktop/src-tauri/Cargo.lock
dependency	rust	rustversion	1.0.22	desktop/src-tauri/Cargo.lock
dependency	rust	same-file	1.0.6	desktop/src-tauri/Cargo.lock
dependency	rust	schannel	0.1.29	desktop/src-tauri/Cargo.lock
dependency	rust	schemars	0.8.22	desktop/src-tauri/Cargo.lock
dependency	rust	schemars	0.9.0	desktop/src-tauri/Cargo.lock
dependency	rust	schemars	1.2.1	desktop/src-tauri/Cargo.lock
dependency	rust	schemars_derive	0.8.22	desktop/src-tauri/Cargo.lock
dependency	rust	scopeguard	1.2.0	desktop/src-tauri/Cargo.lock
dependency	rust	security-framework	3.7.0	desktop/src-tauri/Cargo.lock
dependency	rust	security-framework-sys	2.17.0	desktop/src-tauri/Cargo.lock
dependency	rust	selectors	0.24.0	desktop/src-tauri/Cargo.lock
dependency	rust	selectors	0.36.1	desktop/src-tauri/Cargo.lock
dependency	rust	semver	1.0.27	desktop/src-tauri/Cargo.lock
dependency	rust	serde	1.0.228	desktop/src-tauri/Cargo.lock
dependency	rust	serde-untagged	0.1.9	desktop/src-tauri/Cargo.lock
dependency	rust	serde_core	1.0.228	desktop/src-tauri/Cargo.lock
dependency	rust	serde_derive	1.0.228	desktop/src-tauri/Cargo.lock
dependency	rust	serde_derive_internals	0.29.1	desktop/src-tauri/Cargo.lock
dependency	rust	serde_json	1.0.149	desktop/src-tauri/Cargo.lock
dependency	rust	serde_repr	0.1.20	desktop/src-tauri/Cargo.lock
dependency	rust	serde_spanned	0.6.9	desktop/src-tauri/Cargo.lock
dependency	rust	serde_spanned	1.0.4	desktop/src-tauri/Cargo.lock
dependency	rust	serde_with	3.21.0	desktop/src-tauri/Cargo.lock
dependency	rust	serde_with_macros	3.21.0	desktop/src-tauri/Cargo.lock
dependency	rust	serialize-to-javascript	0.1.2	desktop/src-tauri/Cargo.lock
dependency	rust	serialize-to-javascript-impl	0.1.2	desktop/src-tauri/Cargo.lock
dependency	rust	servo_arc	0.2.0	desktop/src-tauri/Cargo.lock
dependency	rust	servo_arc	0.4.3	desktop/src-tauri/Cargo.lock
dependency	rust	sha2	0.10.9	desktop/src-tauri/Cargo.lock
dependency	rust	shared_child	1.1.1	desktop/src-tauri/Cargo.lock
dependency	rust	shlex	1.3.0	desktop/src-tauri/Cargo.lock
dependency	rust	sigchld	0.2.4	desktop/src-tauri/Cargo.lock
dependency	rust	signal-hook	0.3.18	desktop/src-tauri/Cargo.lock
dependency	rust	signal-hook-registry	1.4.8	desktop/src-tauri/Cargo.lock
dependency	rust	simd-adler32	0.3.8	desktop/src-tauri/Cargo.lock
dependency	rust	siphasher	0.3.11	desktop/src-tauri/Cargo.lock
dependency	rust	siphasher	1.0.2	desktop/src-tauri/Cargo.lock
dependency	rust	slab	0.4.12	desktop/src-tauri/Cargo.lock
dependency	rust	smallvec	1.15.1	desktop/src-tauri/Cargo.lock
dependency	rust	socket2	0.6.3	desktop/src-tauri/Cargo.lock
dependency	rust	softbuffer	0.4.8	desktop/src-tauri/Cargo.lock
dependency	rust	soup3	0.5.0	desktop/src-tauri/Cargo.lock
dependency	rust	soup3-sys	0.5.0	desktop/src-tauri/Cargo.lock
dependency	rust	stable_deref_trait	1.2.1	desktop/src-tauri/Cargo.lock
dependency	rust	string_cache	0.8.9	desktop/src-tauri/Cargo.lock
dependency	rust	string_cache	0.9.0	desktop/src-tauri/Cargo.lock
dependency	rust	string_cache_codegen	0.5.4	desktop/src-tauri/Cargo.lock
dependency	rust	string_cache_codegen	0.6.1	desktop/src-tauri/Cargo.lock
dependency	rust	strsim	0.11.1	desktop/src-tauri/Cargo.lock
dependency	rust	subtle	2.6.1	desktop/src-tauri/Cargo.lock
dependency	rust	swift-rs	1.0.7	desktop/src-tauri/Cargo.lock
dependency	rust	syn	1.0.109	desktop/src-tauri/Cargo.lock
dependency	rust	syn	2.0.117	desktop/src-tauri/Cargo.lock
dependency	rust	sync_wrapper	1.0.2	desktop/src-tauri/Cargo.lock
dependency	rust	synstructure	0.13.2	desktop/src-tauri/Cargo.lock
dependency	rust	system-deps	6.2.2	desktop/src-tauri/Cargo.lock
dependency	rust	tao	0.35.2	desktop/src-tauri/Cargo.lock
dependency	rust	tao-macros	0.1.3	desktop/src-tauri/Cargo.lock
dependency	rust	target-lexicon	0.12.16	desktop/src-tauri/Cargo.lock
dependency	rust	tauri	2.11.1	desktop/src-tauri/Cargo.lock
dependency	rust	tauri-build	2.6.1	desktop/src-tauri/Cargo.lock
dependency	rust	tauri-codegen	2.6.1	desktop/src-tauri/Cargo.lock
dependency	rust	tauri-macros	2.6.1	desktop/src-tauri/Cargo.lock
dependency	rust	tauri-plugin	2.5.4	desktop/src-tauri/Cargo.lock
dependency	rust	tauri-plugin-global-shortcut	2.3.2	desktop/src-tauri/Cargo.lock
dependency	rust	tauri-plugin-shell	2.3.5	desktop/src-tauri/Cargo.lock
dependency	rust	tauri-plugin-window-state	2.4.1	desktop/src-tauri/Cargo.lock
dependency	rust	tauri-runtime	2.11.1	desktop/src-tauri/Cargo.lock
dependency	rust	tauri-runtime-wry	2.11.1	desktop/src-tauri/Cargo.lock
dependency	rust	tauri-utils	2.9.1	desktop/src-tauri/Cargo.lock
dependency	rust	tauri-winres	0.3.5	desktop/src-tauri/Cargo.lock
dependency	rust	tendril	0.4.3	desktop/src-tauri/Cargo.lock
dependency	rust	tendril	0.5.0	desktop/src-tauri/Cargo.lock
dependency	rust	thiserror	1.0.69	desktop/src-tauri/Cargo.lock
dependency	rust	thiserror	2.0.18	desktop/src-tauri/Cargo.lock
dependency	rust	thiserror-impl	1.0.69	desktop/src-tauri/Cargo.lock
dependency	rust	thiserror-impl	2.0.18	desktop/src-tauri/Cargo.lock
dependency	rust	time	0.3.47	desktop/src-tauri/Cargo.lock
dependency	rust	time-core	0.1.8	desktop/src-tauri/Cargo.lock
dependency	rust	time-macros	0.2.27	desktop/src-tauri/Cargo.lock
dependency	rust	tinystr	0.8.2	desktop/src-tauri/Cargo.lock
dependency	rust	tinyvec	1.11.0	desktop/src-tauri/Cargo.lock
dependency	rust	tinyvec_macros	0.1.1	desktop/src-tauri/Cargo.lock
dependency	rust	tokio	1.50.0	desktop/src-tauri/Cargo.lock
dependency	rust	tokio-rustls	0.26.4	desktop/src-tauri/Cargo.lock
dependency	rust	tokio-util	0.7.18	desktop/src-tauri/Cargo.lock
dependency	rust	toml	0.8.2	desktop/src-tauri/Cargo.lock
dependency	rust	toml	0.9.12+spec-1.1.0	desktop/src-tauri/Cargo.lock
dependency	rust	toml_datetime	0.6.3	desktop/src-tauri/Cargo.lock
dependency	rust	toml_datetime	0.7.5+spec-1.1.0	desktop/src-tauri/Cargo.lock
dependency	rust	toml_datetime	1.0.0+spec-1.1.0	desktop/src-tauri/Cargo.lock
dependency	rust	toml_edit	0.19.15	desktop/src-tauri/Cargo.lock
dependency	rust	toml_edit	0.20.2	desktop/src-tauri/Cargo.lock
dependency	rust	toml_edit	0.25.4+spec-1.1.0	desktop/src-tauri/Cargo.lock
dependency	rust	toml_parser	1.0.9+spec-1.1.0	desktop/src-tauri/Cargo.lock
dependency	rust	toml_writer	1.0.6+spec-1.1.0	desktop/src-tauri/Cargo.lock
dependency	rust	tower	0.5.3	desktop/src-tauri/Cargo.lock
dependency	rust	tower-http	0.6.8	desktop/src-tauri/Cargo.lock
dependency	rust	tower-layer	0.3.3	desktop/src-tauri/Cargo.lock
dependency	rust	tower-service	0.3.3	desktop/src-tauri/Cargo.lock
dependency	rust	tracing	0.1.44	desktop/src-tauri/Cargo.lock
dependency	rust	tracing-core	0.1.36	desktop/src-tauri/Cargo.lock
dependency	rust	tray-icon	0.23.1	desktop/src-tauri/Cargo.lock
dependency	rust	try-lock	0.2.5	desktop/src-tauri/Cargo.lock
dependency	rust	typeid	1.0.3	desktop/src-tauri/Cargo.lock
dependency	rust	typenum	1.19.0	desktop/src-tauri/Cargo.lock
dependency	rust	unic-char-property	0.9.0	desktop/src-tauri/Cargo.lock
dependency	rust	unic-char-range	0.9.0	desktop/src-tauri/Cargo.lock
dependency	rust	unic-common	0.9.0	desktop/src-tauri/Cargo.lock
dependency	rust	unic-ucd-ident	0.9.0	desktop/src-tauri/Cargo.lock
dependency	rust	unic-ucd-version	0.9.0	desktop/src-tauri/Cargo.lock
dependency	rust	unicode-ident	1.0.24	desktop/src-tauri/Cargo.lock
dependency	rust	unicode-segmentation	1.12.0	desktop/src-tauri/Cargo.lock
dependency	rust	unicode-xid	0.2.6	desktop/src-tauri/Cargo.lock
dependency	rust	untrusted	0.9.0	desktop/src-tauri/Cargo.lock
dependency	rust	url	2.5.8	desktop/src-tauri/Cargo.lock
dependency	rust	urlpattern	0.3.0	desktop/src-tauri/Cargo.lock
dependency	rust	utf-8	0.7.6	desktop/src-tauri/Cargo.lock
dependency	rust	utf8_iter	1.0.4	desktop/src-tauri/Cargo.lock
dependency	rust	utf8parse	0.2.2	desktop/src-tauri/Cargo.lock
dependency	rust	uuid	1.22.0	desktop/src-tauri/Cargo.lock
dependency	rust	version-compare	0.2.1	desktop/src-tauri/Cargo.lock
dependency	rust	version_check	0.9.5	desktop/src-tauri/Cargo.lock
dependency	rust	vswhom	0.1.0	desktop/src-tauri/Cargo.lock
dependency	rust	vswhom-sys	0.1.3	desktop/src-tauri/Cargo.lock
dependency	rust	walkdir	2.5.0	desktop/src-tauri/Cargo.lock
dependency	rust	want	0.3.1	desktop/src-tauri/Cargo.lock
dependency	rust	wasi	0.9.0+wasi-snapshot-preview1	desktop/src-tauri/Cargo.lock
dependency	rust	wasi	0.11.1+wasi-snapshot-preview1	desktop/src-tauri/Cargo.lock
dependency	rust	wasip2	1.0.2+wasi-0.2.9	desktop/src-tauri/Cargo.lock
dependency	rust	wasip3	0.4.0+wasi-0.3.0-rc-2026-01-06	desktop/src-tauri/Cargo.lock
dependency	rust	wasm-bindgen	0.2.114	desktop/src-tauri/Cargo.lock
dependency	rust	wasm-bindgen-futures	0.4.64	desktop/src-tauri/Cargo.lock
dependency	rust	wasm-bindgen-macro	0.2.114	desktop/src-tauri/Cargo.lock
dependency	rust	wasm-bindgen-macro-support	0.2.114	desktop/src-tauri/Cargo.lock
dependency	rust	wasm-bindgen-shared	0.2.114	desktop/src-tauri/Cargo.lock
dependency	rust	wasm-encoder	0.244.0	desktop/src-tauri/Cargo.lock
dependency	rust	wasm-metadata	0.244.0	desktop/src-tauri/Cargo.lock
dependency	rust	wasm-streams	0.5.0	desktop/src-tauri/Cargo.lock
dependency	rust	wasmparser	0.244.0	desktop/src-tauri/Cargo.lock
dependency	rust	web-sys	0.3.91	desktop/src-tauri/Cargo.lock
dependency	rust	web-time	1.1.0	desktop/src-tauri/Cargo.lock
dependency	rust	web_atoms	0.2.4	desktop/src-tauri/Cargo.lock
dependency	rust	webkit2gtk	2.0.2	desktop/src-tauri/Cargo.lock
dependency	rust	webkit2gtk-sys	2.0.2	desktop/src-tauri/Cargo.lock
dependency	rust	webpki-root-certs	1.0.6	desktop/src-tauri/Cargo.lock
dependency	rust	webview2-com	0.38.2	desktop/src-tauri/Cargo.lock
dependency	rust	webview2-com-macros	0.8.1	desktop/src-tauri/Cargo.lock
dependency	rust	webview2-com-sys	0.38.2	desktop/src-tauri/Cargo.lock
dependency	rust	winapi	0.3.9	desktop/src-tauri/Cargo.lock
dependency	rust	winapi-i686-pc-windows-gnu	0.4.0	desktop/src-tauri/Cargo.lock
dependency	rust	winapi-util	0.1.11	desktop/src-tauri/Cargo.lock
dependency	rust	winapi-x86_64-pc-windows-gnu	0.4.0	desktop/src-tauri/Cargo.lock
dependency	rust	window-vibrancy	0.6.0	desktop/src-tauri/Cargo.lock
dependency	rust	window-vibrancy	0.7.1	desktop/src-tauri/Cargo.lock
dependency	rust	windows	0.61.3	desktop/src-tauri/Cargo.lock
dependency	rust	windows-collections	0.2.0	desktop/src-tauri/Cargo.lock
dependency	rust	windows-core	0.61.2	desktop/src-tauri/Cargo.lock
dependency	rust	windows-future	0.2.1	desktop/src-tauri/Cargo.lock
dependency	rust	windows-implement	0.60.2	desktop/src-tauri/Cargo.lock
dependency	rust	windows-interface	0.59.3	desktop/src-tauri/Cargo.lock
dependency	rust	windows-link	0.1.3	desktop/src-tauri/Cargo.lock
dependency	rust	windows-link	0.2.1	desktop/src-tauri/Cargo.lock
dependency	rust	windows-numerics	0.2.0	desktop/src-tauri/Cargo.lock
dependency	rust	windows-result	0.3.4	desktop/src-tauri/Cargo.lock
dependency	rust	windows-strings	0.4.2	desktop/src-tauri/Cargo.lock
dependency	rust	windows-sys	0.45.0	desktop/src-tauri/Cargo.lock
dependency	rust	windows-sys	0.48.0	desktop/src-tauri/Cargo.lock
dependency	rust	windows-sys	0.52.0	desktop/src-tauri/Cargo.lock
dependency	rust	windows-sys	0.59.0	desktop/src-tauri/Cargo.lock
dependency	rust	windows-sys	0.60.2	desktop/src-tauri/Cargo.lock
dependency	rust	windows-sys	0.61.2	desktop/src-tauri/Cargo.lock
dependency	rust	windows-targets	0.42.2	desktop/src-tauri/Cargo.lock
dependency	rust	windows-targets	0.48.5	desktop/src-tauri/Cargo.lock
dependency	rust	windows-targets	0.52.6	desktop/src-tauri/Cargo.lock
dependency	rust	windows-targets	0.53.5	desktop/src-tauri/Cargo.lock
dependency	rust	windows-threading	0.1.0	desktop/src-tauri/Cargo.lock
dependency	rust	windows-version	0.1.7	desktop/src-tauri/Cargo.lock
dependency	rust	windows_aarch64_gnullvm	0.42.2	desktop/src-tauri/Cargo.lock
dependency	rust	windows_aarch64_gnullvm	0.48.5	desktop/src-tauri/Cargo.lock
dependency	rust	windows_aarch64_gnullvm	0.52.6	desktop/src-tauri/Cargo.lock
dependency	rust	windows_aarch64_gnullvm	0.53.1	desktop/src-tauri/Cargo.lock
dependency	rust	windows_aarch64_msvc	0.42.2	desktop/src-tauri/Cargo.lock
dependency	rust	windows_aarch64_msvc	0.48.5	desktop/src-tauri/Cargo.lock
dependency	rust	windows_aarch64_msvc	0.52.6	desktop/src-tauri/Cargo.lock
dependency	rust	windows_aarch64_msvc	0.53.1	desktop/src-tauri/Cargo.lock
dependency	rust	windows_i686_gnu	0.42.2	desktop/src-tauri/Cargo.lock
dependency	rust	windows_i686_gnu	0.48.5	desktop/src-tauri/Cargo.lock
dependency	rust	windows_i686_gnu	0.52.6	desktop/src-tauri/Cargo.lock
dependency	rust	windows_i686_gnu	0.53.1	desktop/src-tauri/Cargo.lock
dependency	rust	windows_i686_gnullvm	0.52.6	desktop/src-tauri/Cargo.lock
dependency	rust	windows_i686_gnullvm	0.53.1	desktop/src-tauri/Cargo.lock
dependency	rust	windows_i686_msvc	0.42.2	desktop/src-tauri/Cargo.lock
dependency	rust	windows_i686_msvc	0.48.5	desktop/src-tauri/Cargo.lock
dependency	rust	windows_i686_msvc	0.52.6	desktop/src-tauri/Cargo.lock
dependency	rust	windows_i686_msvc	0.53.1	desktop/src-tauri/Cargo.lock
dependency	rust	windows_x86_64_gnu	0.42.2	desktop/src-tauri/Cargo.lock
dependency	rust	windows_x86_64_gnu	0.48.5	desktop/src-tauri/Cargo.lock
dependency	rust	windows_x86_64_gnu	0.52.6	desktop/src-tauri/Cargo.lock
dependency	rust	windows_x86_64_gnu	0.53.1	desktop/src-tauri/Cargo.lock
dependency	rust	windows_x86_64_gnullvm	0.42.2	desktop/src-tauri/Cargo.lock
dependency	rust	windows_x86_64_gnullvm	0.48.5	desktop/src-tauri/Cargo.lock
dependency	rust	windows_x86_64_gnullvm	0.52.6	desktop/src-tauri/Cargo.lock
dependency	rust	windows_x86_64_gnullvm	0.53.1	desktop/src-tauri/Cargo.lock
dependency	rust	windows_x86_64_msvc	0.42.2	desktop/src-tauri/Cargo.lock
dependency	rust	windows_x86_64_msvc	0.48.5	desktop/src-tauri/Cargo.lock
dependency	rust	windows_x86_64_msvc	0.52.6	desktop/src-tauri/Cargo.lock
dependency	rust	windows_x86_64_msvc	0.53.1	desktop/src-tauri/Cargo.lock
dependency	rust	winnow	0.5.40	desktop/src-tauri/Cargo.lock
dependency	rust	winnow	0.7.15	desktop/src-tauri/Cargo.lock
dependency	rust	winreg	0.55.0	desktop/src-tauri/Cargo.lock
dependency	rust	wit-bindgen	0.51.0	desktop/src-tauri/Cargo.lock
dependency	rust	wit-bindgen-core	0.51.0	desktop/src-tauri/Cargo.lock
dependency	rust	wit-bindgen-rust	0.51.0	desktop/src-tauri/Cargo.lock
dependency	rust	wit-bindgen-rust-macro	0.51.0	desktop/src-tauri/Cargo.lock
dependency	rust	wit-component	0.244.0	desktop/src-tauri/Cargo.lock
dependency	rust	wit-parser	0.244.0	desktop/src-tauri/Cargo.lock
dependency	rust	writeable	0.6.2	desktop/src-tauri/Cargo.lock
dependency	rust	wry	0.55.1	desktop/src-tauri/Cargo.lock
dependency	rust	x11	2.21.0	desktop/src-tauri/Cargo.lock
dependency	rust	x11-dl	2.21.0	desktop/src-tauri/Cargo.lock
dependency	rust	x11rb	0.13.2	desktop/src-tauri/Cargo.lock
dependency	rust	x11rb-protocol	0.13.2	desktop/src-tauri/Cargo.lock
dependency	rust	xkeysym	0.2.1	desktop/src-tauri/Cargo.lock
dependency	rust	yoke	0.8.1	desktop/src-tauri/Cargo.lock
dependency	rust	yoke-derive	0.8.1	desktop/src-tauri/Cargo.lock
dependency	rust	zerocopy	0.8.40	desktop/src-tauri/Cargo.lock
dependency	rust	zerocopy-derive	0.8.40	desktop/src-tauri/Cargo.lock
dependency	rust	zerofrom	0.1.6	desktop/src-tauri/Cargo.lock
dependency	rust	zerofrom-derive	0.1.6	desktop/src-tauri/Cargo.lock
dependency	rust	zeroize	1.8.2	desktop/src-tauri/Cargo.lock
dependency	rust	zerotrie	0.2.3	desktop/src-tauri/Cargo.lock
dependency	rust	zerovec	0.11.5	desktop/src-tauri/Cargo.lock
dependency	rust	zerovec-derive	0.11.2	desktop/src-tauri/Cargo.lock
dependency	rust	zmij	1.0.21	desktop/src-tauri/Cargo.lock
